露營場名稱,縣市別,鄉/鎮/市/區,經度,緯度,地址,電話,手機,網站
稻庄休閒農場,宜蘭縣,三星鄉,121.6280508,24.66936092,宜蘭縣三星鄉福和路71巷16號,39892809,,https://www.facebook.com/daozhuangfarm/?locale=zh_TW
馬丁迷露,宜蘭縣,三星鄉,121.7286618,24.69431358,大洲路87巷36號,,921099666,
安農露營區,宜蘭縣,三星鄉,121.6474668,24.65544333,宜蘭市神農路1段130號,277565296,968488951,
Uwah露營區,宜蘭縣,大同鄉,121.685002,24.623456,華興巷42-18號,,953517925,
淺山休閒露營區,宜蘭縣,大同鄉,121.686915,24.60362664,宜蘭縣羅東鎮純精路2段248巷8號,,926635282,
武林秘密基地,宜蘭縣,大同鄉,121.685608,24.62145527,宜蘭縣五結鄉三吉二路80巷13弄16號,,983005759,
星亮點Kayu露營區,宜蘭縣,大同鄉,121.601031,24.678558,宜蘭縣大同鄉崙埤村泰雅路一段88巷99號,,925290965,
天際線茶園營地,宜蘭縣,大同鄉,121.601629,24.67665,泰雅路一段88巷88號,,932359832,
景好露營場,宜蘭縣,大同鄉,121.6126976,24.69179779,宜蘭縣宜蘭市泰山路112巷5弄25號,,916159727,
溪河木,宜蘭縣,大同鄉,121.57666,24.656605,宜蘭縣大同鄉松羅村松羅南巷115-7號,,910356735,
水之定莊園,宜蘭縣,大同鄉,121.610145,24.700327,宜蘭縣大同鄉中華村長嶺路187號,,952121777,
露山林套房露營區,宜蘭縣,大同鄉,121.686319,24.594803,宜蘭縣大同鄉寒溪村古魯巷1-8號,,910748875,
天梯露營區,宜蘭縣,大同鄉,121.603768,24.677041,泰雅路一段88巷66號,,921591070,
沐野露營區,宜蘭縣,大同鄉,121.569051,24.650488,宜蘭縣大同鄉泰雅路二段92巷99-1號,,922157971,
原最露營場,宜蘭縣,大同鄉,121.5771887,24.66395665,泰雅路2段46巷118-25號,,926261041,
瑪崙菓園親子露營區,宜蘭縣,大同鄉,121.543363,24.604367,樂水路20巷150-1號,,901228833,
太平山森活趣渡假農場,宜蘭縣,大同鄉,121.4474264,24.5227352,泰雅路六段2巷6-3號,,922497473,
牛鬥一角民宿野營渡假村,宜蘭縣,大同鄉,121.5690785,24.63590614,宜蘭縣三星鄉泰雅一路 525巷牛頭203號,,,
大同圓頂360露營區,宜蘭縣,大同鄉,121.595035,24.6802,267宜蘭縣大同鄉Unnamed Rd,,933772874,
五葉松林休閒露營區,宜蘭縣,大同鄉,121.5923908,24.66435533,宜蘭縣大同鄉松羅村泰雅路二段33巷31-1號,,927806958,
幸福城景觀露營區,宜蘭縣,大同鄉,121.584639,24.666572,大同鄉泰雅路二段29巷58-6號,,935668316,
雲端紅土咖啡露營區,宜蘭縣,大同鄉,121.6064993,24.69228006,宜蘭縣大同鄉崙埤村5鄰朝陽3-1號,,911835587,
山谷星空,宜蘭縣,大同鄉,121.5837013,24.635325,宜蘭縣三星鄉泰雅一路301巷71號,,932164669,
一山半水露營區,宜蘭縣,大同鄉,121.703894,24.62174162,宜蘭縣大同鄉寒溪巷68之9號,,916937663,
亞爸的山,宜蘭縣,大同鄉,121.3672426,24.41681178,泰雅路七段363之1號,,976385026,
宇世格爵露營區,宜蘭縣,大同鄉,121.5361266,24.59361296,宜蘭縣大同鄉樂水村碼崙路90巷16號,,,
櫻花溫泉休閒農場,宜蘭縣,大同鄉,121.605189,24.633665,宜蘭縣大同鄉復興村泰雅一路73號,,,
夏諾營,宜蘭縣,大同鄉,121.5887417,24.66304711,宜蘭縣大同鄉泰雅路二段33巷31號之7,,939124993,
哇吉散露營區,宜蘭縣,大同鄉,121.560853,24.62715,泰雅一路牛鬥81之1號,,912094473,
飛亞蘭露營區,宜蘭縣,大同鄉,121.455694,24.538569,泰雅路五段46號,,988066912,
見望村親子休閒農場,宜蘭縣,大同鄉,121.675201,24.635522,宜蘭縣大同鄉寒溪村華興巷48-1號,,,
斯揚莫那休閒露營區,宜蘭縣,大同鄉,121.4385216,24.51306149,宜蘭縣礁溪鄉漳福路192之10號,,910549801,
三富休閒農場,宜蘭縣,冬山鄉,121.754694,24.617374,宜蘭縣冬山鄉新寮二路161巷88號,,,
舊寮之心,宜蘭縣,冬山鄉,121.74247,24.627531,宜蘭縣冬山鄉舊寮路131巷37號,,937161773,
天ㄟ藝文露營區,宜蘭縣,冬山鄉,121.7325582,24.64583936,,,,
梅花湖休閒農場 ,宜蘭縣,冬山鄉,121.734427,24.64845,宜蘭縣冬山鄉得安村環湖路66號,,,
仁山逸境露營場,宜蘭縣,冬山鄉,121.7519292,24.6302069,宜蘭縣冬山鄉中山村新寮路225號,,963077420,
峇里島漫活民宿,宜蘭縣,冬山鄉,121.7799427,24.64111335,宜蘭縣冬山鄉永和路160號,,972720508,
田野森農場Morilife,宜蘭縣,冬山鄉,121.7206899,24.63403718,大進二路246號,,,
香格里拉休閒農場,宜蘭縣,冬山鄉,121.729249,24.631996,宜蘭縣冬山鄉大進村梅山路168號,,,
希望之丘露營區,宜蘭縣,冬山鄉,121.72454,24.633714,宜蘭縣冬山鄉大進村小埤五路331號,,,
樂山環茶,宜蘭縣,冬山鄉,121.7666362,24.62291307,宜蘭縣冬山鄉太和路615號,,912432667,
LoopLand 露營度假村,宜蘭縣,冬山鄉,121.7664169,24.6344434,宜蘭縣冬山鄉寶修路86號,39901133,,https://loopland.com.tw/
梅山久久露營場,宜蘭縣,冬山鄉,121.72447,24.62612071,武罕一路57號,,,
又想露營趣,宜蘭縣,冬山鄉,121.794337,24.614275,269宜蘭縣冬山鄉照安一路360之1號,,911963012,
東風有機休閒農場,宜蘭縣,冬山鄉,121.7303618,24.61850485,冬山鄉中山村中山路768巷11號,,,
同樂休閒綠園道,宜蘭縣,宜蘭市,121.737832,24.780464,宜蘭縣宜蘭市梅洲二路60號,39330000,,
麗野莊園休閒農場,宜蘭縣,宜蘭市,121.780171,24.741841,宜蘭縣宜蘭市黎明一路88號,,,
露境東岳,宜蘭縣,南澳鄉,121.834061,24.525425,宜蘭縣南澳鄉蘇花路5段1巷5之1號,39616866,918008877,https://www.camping085.com/
依山傍水露營場,宜蘭縣,南澳鄉,121.7698373,24.32962677,新北市板橋區漢生東路193巷42號,,903071039,
陳宥儒(那山那谷),宜蘭縣,南澳鄉,121.7488868,24.4381906,,,978088555,
BULABULA.KC布拉布拉露營區(原八福原地),宜蘭縣,南澳鄉,121.832341,24.526896,宜蘭縣南澳鄉81巷,,919182697,
金洋山豬露營區,宜蘭縣,南澳鄉,121.7484964,24.42851901,宜蘭縣南澳鄉博愛路14之1號,,988088203,
金岳秘境露營區,宜蘭縣,南澳鄉,121.765132,24.46939277,宜蘭縣南澳鄉金岳村鹿皮路5-3號,,,
Myasa 迷雅薩農場,宜蘭縣,南澳鄉,121.7866997,24.46387595,宜蘭縣南澳鄉中正路9號,,,
友露溪谷露營區,宜蘭縣,南澳鄉,121.7770993,24.46552743,宜蘭縣南澳鄉金岳村6鄰鹿皮路6之2號,,970161388,
摩諾營地,宜蘭縣,南澳鄉,121.749566,24.4377,宜蘭縣南澳鄉金洋村金洋路2之2號,,934282298,
鹿皮山水露營區,宜蘭縣,南澳鄉,121.7613752,24.46582355,金岳村鹿皮路3號,,932070136,
老柯農莊,宜蘭縣,南澳鄉,121.7453136,24.42529781,宜蘭縣南澳鄉金洋村博愛路18-1號,,919283363,
碧候溫泉園區露營場,宜蘭縣,南澳鄉,121.76237,24.504625,金岳路200號,,,
雙連埤露營區,宜蘭縣,員山鄉,121.6383692,24.75466152,宜蘭縣員山鄉雙埤路19-5號,,953028886,
鄉野沐田休閒農場,宜蘭縣,員山鄉,121.42184,24.43437,八甲路15-16號,,928219582,
鳳梨屋休閒農場,宜蘭縣,員山鄉,121.6181321,24.69598299,宜蘭縣員山嫏中華村長嶺路195號,,,
花間露休閒露營區,宜蘭縣,員山鄉,121.6179393,24.69622989,長嶺路131號,,922118665,
庄腳所在休閒農場,宜蘭縣,員山鄉,121.694958,24.780722,宜蘭縣員山鄉坡城路69-9號,39222000,952070990,https://www.huago.tw/archives/listings/%E5%BA%84%E8%85%B3%E6%89%80%E5%9C%A8%E4%BC%91%E9%96%92%E8%BE%B2%E5%A0%B4
鳳梨屋水上莊園,宜蘭縣,員山鄉,,,宜蘭縣員山鄉長嶺路181號,,,
呼啦莊園私人房車營地,宜蘭縣,頭城鎮,121.8010283,24.87168324,宜蘭縣頭城鎮福德路6-36號,,910879250,
微笑灣休閒農場,宜蘭縣,頭城鎮,121.824989,24.863045,宜蘭縣頭城鎮仙公路180巷50號,,,
頭城濱海森林公園露營場,宜蘭縣,頭城鎮,121.8291923,24.85056181,協天路400號,,,
鵲子山露營地,宜蘭縣,頭城鎮,121.773996,24.856751,宜蘭縣頭城鎮北宜路二段71巷60號,,919900262,
水旅居露營,宜蘭縣,頭城鎮,121.828713,24.8612361,宜蘭縣頭城鎮文化路205巷38-1號,,912581913,
山海匯靜思露營區,宜蘭縣,頭城鎮,121.804526,24.868124,宜蘭縣頭城鎮福德坑路5-1號,,925590329,
清林園林休閒農場,宜蘭縣,礁溪鄉,121.786303,24.809145,宜蘭縣礁溪鄉二龍村淇武蘭路111之8號,,,
杉林奇蹟,宜蘭縣,礁溪鄉,121.696394,24.815089,262宜蘭縣礁溪鄉二結路94號,,958636633,
跑馬古道露營區,宜蘭縣,礁溪鄉,121.7768363,24.84369768,宜蘭縣礁溪鄉白石腳路61號,39886232,,
926露營基地,宜蘭縣,礁溪鄉,121.697139,24.817127,宜蘭縣礁溪鄉匏崙村匏杓崙路150之50號,,937162068,
得天露營車,宜蘭縣,礁溪鄉,121.7568719,24.82647306,五峰路69號,,,
橘子園露營區,宜蘭縣,礁溪鄉,121.7815742,24.84035646,宜蘭縣礁溪鄉白石腳路55號,,919934039,
無憂花露營區,宜蘭縣,礁溪鄉,121.7751629,24.8431368,宜蘭縣礁溪鄉白石腳路157巷88號,,,
充電莊,宜蘭縣,礁溪鄉,121.696143,24.808826,宜蘭縣礁溪鄉匏崙村匏杓崙路150-8號,,919347289,
夢土上休閒農場 (那一村豪華露營),宜蘭縣,礁溪鄉,121.6818911,24.78500373,宜蘭縣礁溪鄉二結村（路）8-2號,,,
礁溪休閒農業有限公司休閒農場,宜蘭縣,礁溪鄉,121.753845,24.835621,宜蘭縣礁溪鄉五峰路70巷50號,,,
露樹露營區(原白石腳露營區),宜蘭縣,礁溪鄉,121.780796,24.838186,宜蘭縣羅東鎮河濱路30巷13號,,,
鷗漫景觀營地,宜蘭縣,礁溪鄉,121.705847,24.811983,262宜蘭縣礁溪鄉匏杓崙路132-15號,,975028669,
山谷樂生態露營園區,宜蘭縣,蘇澳鎮,121.730342,24.618825,聯絡地址:宜蘭縣冬山鄉中山村中山路802號,,911820455,
睡海邊露營區,宜蘭縣,蘇澳鎮,121.836179,24.516189,宜蘭縣蘇澳鎮東澳路121巷25號,,932090655,
武荖坑風景區露營場,宜蘭縣,蘇澳鎮,121.8131919,24.6119909,武荖坑路75號,,,
納格林野營,花蓮縣,光復鄉,121.37909,23.60428,大豐村大豐路157之一,,,
那座山隱癮露營區,花蓮縣,秀林鄉,121.65706,24.15068,"崇德村13鄰崇德192之16號,",,937166926,
山民治97漫活營地,花蓮縣,秀林鄉,121.632992,24.126285,民治97號,,987954899,https://www.facebook.com/people/%E5%B1%B1%E6%B0%91%E6%B2%BB97%E6%BC%AB%E6%B4%BB%E7%87%9F%E5%9C%B0/100091120017495/
佐倉高地,花蓮縣,秀林鄉,121.5521466,24.01217689,,,,
巴罕營家-清水斷崖露營,花蓮縣,秀林鄉,121.6595264,24.15979129,,,,
野宅,花蓮縣,秀林鄉,121.65701,24.1502,,,,
踏浪星辰露營區,花蓮縣,新城鄉,121.6318777,24.02598126,,,,
海憩露營區,花蓮縣,新城鄉,121.6286149,24.10949667,,,,
富興休閒農場,花蓮縣,瑞穗鄉,121.3876938,23.57739342,富興村8鄰富興73之1號,,,
花蓮海洋露營區,花蓮縣,壽豐鄉,121.6069405,23.92234916,大橋30之6號,,,
山度空間,花蓮縣,壽豐鄉,121.60314,23.91136,,,,
後山星月,花蓮縣,壽豐鄉,121.5594781,23.87584798,,,,
瞰海露營區,花蓮縣,壽豐鄉,121.6006,23.87807,鹽寮200之7號,,935540056,https://chcamping.bnbhl.net/note.php
觀星居露營場,花蓮縣,壽豐鄉,121.546852,23.852171,,,912682181,
磯崎好聚落高山森林基地,花蓮縣,豐濱鄉,121.5468559,23.68454234,,,,
石梯坪露營區,花蓮縣,豐濱鄉,121.5115924,23.48417257,花蓮縣豐濱鄉石梯坪52號,,930596580,
海稻米露營區,花蓮縣,豐濱鄉,121.532,23.645,東興段109地號,963529958,963529958,https://searicecamping.com/
西洪露營場,金門縣,金湖鎮,118.4318981,24.44536939,安民1之15號,82318823,,
金門金寧_中山林露營區,金門縣,金寧鄉,118.355405,24.440854,后盤村4鄰伯玉路二段 ４６０之１號,82313100,,
洞九的山莊,南投縣,中寮鄉,120.8226572,23.9558857,清水村頂坑巷12號,,932561535,https://www.facebook.com/Kuo009/
長壽天然農場露營區,南投縣,中寮鄉,120.8143417,23.9151358,永樂路158號,,972952039,
森山谷,南投縣,中寮鄉,,,露營場地址：南投縣中寮鄉福山巷。通訊地址：南投市仁智街45號。,,979330906,
雲峯景觀莊園(雲の景觀莊園),南投縣,中寮鄉,120.825115,23.939829,清水村瀧林巷35-13號,,937767367,http://yunfeng2015.blogspot.tw/?m=1
賞星月慕露營區,南投縣,中寮鄉,120.7818953,23.8955372,南投縣中寮鄉復興村復興巷31-12號旁,,932057655,
橋頭溪畔露營區,南投縣,中寮鄉,120.8109905,23.9108014,永樂路165-8號,,933166997,
合樂露營區(晨星露營區),南投縣,中寮鄉,,,,,,
森呼吸,南投縣,中寮鄉,120.8133036,23.9245307,合興村永樂路201號,,936313139,https://www.facebook.com/profile.php?id=100064168291942
本之山農場(本之山露營區),南投縣,中寮鄉,120.75952,23.88733,愛鄉巷39-25號,,912579478,
潺潺森活,南投縣,中寮鄉,120.8005562,23.9055349,仙洞巷39-8 號,,935080173,https://www.facebook.com/Zen.Life.Camping.398/
依星生態農場,南投縣,中寮鄉,120.83453,23.96077,清水村頂坑巷1-1號,,932631420,
鶴里翁露營區,南投縣,中寮鄉,120.7684353,23.9415135,南投縣中寮鄉龍南路151-20號,,932658049,https://www.easycamp.com.tw/Store_2312.html
雲淡風清營地,南投縣,中寮鄉,120.7983336,23.9386587,瀧淋巷 81-8 號,,932596277,https://www.facebook.com/clear818/
舞蝶到了露營區,南投縣,中寮鄉,120.78514,23.87292,永平路100-36號,,939881231,
腸寶圖露營農場,南投縣,中寮鄉,120.8036,23.88115,福盛村福山路149號,,932691802,
言葉之庭露營區,南投縣,中寮鄉,120.8062038,23.9007125,永樂路134之2號,,921742387,https://campground-227.business.site/
山上有魚,南投縣,仁愛鄉,120.95513,24.06474,清流段1389、1390、1393地號,,975120340,
芭喇露營區生態休閒農莊,南投縣,仁愛鄉,121.0520012,23.9069458,武界林道,,905112883,https://www.facebook.com/p/%E8%8A%AD%E5%96%87%E9%9C%B2%E7%87%9F%E5%8D%80%E7%94%9F%E6%85%8B%E8%BE%B2%E5%A0%B4-100063518425704/
螢營的天空,南投縣,仁愛鄉,121.1516304,24.0367618,榮光巷1附2號,,901005861,
原夢觀光農園,南投縣,仁愛鄉,121.0894206,24.013965,松原巷80號,,987239826,https://www.facebook.com/wef2759k/
沙庫斯露營區,南投縣,仁愛鄉,121.1892008,24.0164984,精英村榮華巷202-2號,,911613026,https://www.facebook.com/SakusLuYingQu/
曉山秋,南投縣,仁愛鄉,121.09093,23.96501,親愛村親和巷150附5號,,966598362,
飛瀑露營區feipucamping,南投縣,仁愛鄉,121.1117121,24.03253656,南豐村中正路1-1號,,965658566,
達巴斯露營區,南投縣,仁愛鄉,121.0517349,23.908737,栗溪路1號,,966712612,http://www.facebook.com/Dabas.2015
賽德克公主美食文化露營區,南投縣,仁愛鄉,121.0888527,24.0127762,南投縣仁愛鄉松原巷78-1號,,980618781,https://www.facebook.com/mm0492920288/
圓山5號露營區,南投縣,仁愛鄉,121.0510812,23.9153274,武安路716之1號,,986537921,
姥姥莊園,南投縣,仁愛鄉,120.994,24.08143,山林巷6號,,910593942,
月夢田,南投縣,仁愛鄉,120.9896,24.07967,山林巷6-2號,,910566765,https://www.facebook.com/YMTBandB/
雲窩森林露營區,南投縣,仁愛鄉,121.0513508,23.9238772,茶園巷1附2號,,978377711,https://www.facebook.com/p/%E6%AD%A6%E7%95%8C-%E9%9B%B2%E7%AA%A9%E6%A3%AE%E6%9E%97%E9%9C%B2%E7%87%9F%E5%8D%80-100070202198717/?locale=zh_TW
星空谷露營地,南投縣,仁愛鄉,120.9890694,23.8901308,中正村平等巷1號,,901005861,https://campground-94.business.site/
旅人蕉小棧(旅人蕉露營區),南投縣,仁愛鄉,120.95352,24.06751,明月巷1附1號,,982001602,
青天樂活露營區,南投縣,仁愛鄉,121.047642,23.9175,界山巷6之1號,492977258,,https://www.facebook.com/people/%E9%9D%92%E5%A4%A9%E6%A8%82%E6%B4%BB%E9%9C%B2%E7%87%9F%E5%8D%80/100054638490687/
漫活幸福露營區,南投縣,仁愛鄉,121.1551857,24.1192901,發祥村7鄰光復巷199附2號,,932521031,https://www.facebook.com/happy99camp/
卡度6號角落,南投縣,仁愛鄉,120.983925,23.9109,中正村光明路102-6號,,970312818,
紅香露營區,南投縣,仁愛鄉,121.178008,24.145841,發祥村溪門巷19-1號,,935685389,https://www.facebook.com/gpo8001i/
伴天聊露營區,南投縣,仁愛鄉,120.990465,24.0839351,新生村山林巷18附1號,,936964799,https://www.facebook.com/BTL1116/
玩皮獵人藝棧,南投縣,仁愛鄉,121.0870871,24.0193725,無,492920089,937433976,https://alanhunter.weebly.com/
來來圓夢露營區DreamerCamp,南投縣,仁愛鄉,120.99043,23.90332,無,,935926921,
辣妹子露營區,南投縣,仁愛鄉,121.1605948,24.0282169,虎門巷61-3號,,939713335,
迦南之地露營區,南投縣,仁愛鄉,121.04081,23.90854,投71鄉道34號,,988785051,
德貝頌露營區,南投縣,仁愛鄉,121.1621104,24.1242696,南投縣仁愛鄉瑞和路64號,,935996150,https://www.facebook.com/TbsunCampArea/
樹不老露營區,南投縣,仁愛鄉,120.9852215,24.0766317,山林巷46附2號,,912648626,https://www.facebook.com/lmosay/?modal=admin_todo_tour
木谷森林,南投縣,仁愛鄉,121.07969,23.9988,中正路105號,,963169865,
博拉廬露營區,南投縣,仁愛鄉,121.1972274,24.0305203,南投縣仁愛鄉精英村富貴路榮華巷203附3號,,937248996,
白熊屋,南投縣,仁愛鄉,121.1608,24.0449,大同村定遠新村30-1號,,936265411,
太魯灣溫泉露營區,南投縣,仁愛鄉,121.1669268,24.0229731,虎門巷97附1號,,928177926,
築露中原露營區,南投縣,仁愛鄉,120.9778531,24.0661482,原名路43附2號,,932976796,https://www.facebook.com/jimmy4128/
山林好蒔光,南投縣,仁愛鄉,121.1078327,23.9895278,高峰巷70附1號,,918575357,https://www.facebook.com/slhsg514/?locale=zh_TW
春陽.觀休閒露營區(觀溫泉營地),南投縣,仁愛鄉,121.16926,24.02618,虎門巷135號,,935755444,
清翠露營園區,南投縣,仁愛鄉,121.1462194,24.03927373,大同村信義巷38附2號,,933539638,https://www.facebook.com/highmountaincamp/
武界快樂營區,南投縣,仁愛鄉,121.03515,23.93041,無,,937262954,
夢谷伊優達雅露營區,南投縣,仁愛鄉,121.087227,24.019468,信義巷,,921920593,
富野溪露營區(原熊溯溪露營區),南投縣,仁愛鄉,120.97975,24.06312,原名路43附5號,,905865286,
滿天馨露營區,南投縣,仁愛鄉,121.13676,24.02052,仁和路,,982836007,https://www.facebook.com/mtx0982836007/
森林烈人,南投縣,仁愛鄉,121.046008,23.918829,茶園巷1附4號,,975706651,
小瑞士花園,南投縣,仁愛鄉,121.1563512,24.04430113,南投縣仁愛鄉仁和路170號,492803308,,https://www.cingjing.gov.tw/mien/ins.php?index_id=26
朵娜朵露營區donato glamping,南投縣,仁愛鄉,121.159261,24.04493984,定遠新村25之3附1,,980717623,https://booking.owlting.com/donatoglamping?start=2024-05-30%C3%AF%C2%BC%C2%86end%3D2024-05-31%C3%AF%C2%BC%C2%86adult%3D2%C3%AF%C2%BC%C2%86source%3Dgha%C3%AF%C2%BC%C2%86child%3D0%C3%AF%C2%BC%C2%86infant%3D0%C3%AF%C2%BC%C2%86lang%3Dzh_TW&lang=zh_TW&adult=1&child=0&infant=0
武界雲海露營區,南投縣,仁愛鄉,,,,,,
虹谷有機農場,南投縣,仁愛鄉,121.0772526,23.9429587,清華巷124之2號,,933626865,https://www.facebook.com/hongku97/
靼靶嶺森林露營區,南投縣,仁愛鄉,121.0524871,23.8911409,南投縣仁愛鄉法治村介山巷97號,,912687986,
藍瑪司露營地,南投縣,仁愛鄉,121.120101,23.967957,親愛村大安路107附2號,,978175585,https://www.facebook.com/lamasu.camp/
馬赫坡9號秘境(原馬赫坡露營區),南投縣,仁愛鄉,121.18733,24.01666,溫泉馬赫坡路9號精英村廬山,,921066250,http://www.mahebo.com.tw/
黑米咖啡露營區,南投縣,仁愛鄉,121.0924187,23.96976,無,,905268975,
星緣營地,南投縣,仁愛鄉,,,過坑段235地號,,909228031,
部落尋奇溫泉農場,南投縣,仁愛鄉,121.1701913,24.0268603,南投縣仁愛鄉虎門巷80號,492803076,,http://0492803076.ego.tw/
阿霞露營區,南投縣,仁愛鄉,121.1805,24.16305,溫泉巷1號,,910775540,
武界雲頂露營天地,南投縣,仁愛鄉,121.0247449,23.9174753,南投縣仁愛鄉法治村茶園巷17-1號,,932615574,http://gentingcampground.wixsite.com/genting-wujie
日出藏雲,南投縣,仁愛鄉,121.10474,23.9841,親和巷43之3附3號,,928278267,
非比露營區,南投縣,仁愛鄉,121.103968,23.9832,高峰巷70號,,910922276,
歐敏露營區(原酋長茅蘆露營區),南投縣,仁愛鄉,121.1903066,24.023568,南投縣仁愛鄉榮華巷50號,492802939,988516279,https://www.facebook.com/om423/
迷露1850(原青青草原露營客棧),南投縣,仁愛鄉,121.168031,24.059529,仁和路179-5號,492563802,921300610,
士官長露營區,南投縣,仁愛鄉,121.1694974,24.0237664,無,,911237824,https://www.facebook.com/yong0809
舒谷露營區,南投縣,仁愛鄉,121.17279,24.03042,無,921353385,966773686,
蘋果園景觀露營區,南投縣,仁愛鄉,121.16662,24.0673,仁和路224附1號,,907327935,
松林農場露營區,南投縣,仁愛鄉,121.16589,24.02377,春陽村虎門巷96附1號,937219924,,
露野森林SNUWING,南投縣,仁愛鄉,121.15627,24.02432,春陽村龍山巷25號,,939646963,
深山先生露營區,南投縣,仁愛鄉,121.160382,24.04596,無,,933069310,
合歡仙境民宿露營區,南投縣,仁愛鄉,121.1451034,24.0588283,南投縣仁愛鄉福壽路介壽巷40號,492801633,976098152,https://www.facebook.com/lovecampingeveryday/
武界觀景茶園露營區,南投縣,仁愛鄉,121.0246882,23.9183867,南投縣仁愛鄉茶園巷17附2號,,966417299,https://www.facebook.com/cherlene0821
花鳥蟲鳴高山露營區,南投縣,仁愛鄉,121.17148,24.07446,大同村博望巷30-2號,,913953559,
波露克爾咖啡露營棧(瑪羅伊休息站),南投縣,仁愛鄉,121.1199891,23.9678726,南投縣仁愛鄉大安路107號,,912998686,https://www.facebook.com/ï¼E6ï¼B3ï¼A2ï¼E9ï¼9Cï¼B2ï¼E5ï¼85ï¼8Bï¼E7ï¼88ï¼BEï¼E5ï¼92ï¼96ï¼E5ï¼95ï¼A1ï¼E9ï¼9Cï¼B2ï¼E7ï¼87ï¼9Fï¼E6ï¼A3ï¼A7-1191360597651327/
溪寶梅園,南投縣,仁愛鄉,120.9511918,24.0745462,明月巷95-1號,,968285158,https://www.facebook.com/sbmy496/
快樂中原露營區,南投縣,仁愛鄉,120.9801336,24.0542975,原名路43附7號,,987375536,https://www.facebook.com/happy.m0918123472/
灥流露營區,南投縣,仁愛鄉,121.1581278,24.0377646,南投縣仁愛鄉壽亭巷20-2號,,915919557,https://www.my-camp.com.tw/index.php
愛和華林園,南投縣,仁愛鄉,121.1588962,24.0470246,遠定村39號,,933450225,https://www.facebook.com/AiHeHuaLinYuan/?locale2=zh_TW
採茶媽媽景觀露營區,南投縣,仁愛鄉,121.10077,23.98964,無,,912901038,
清境陽光露營,南投縣,仁愛鄉,121.154192,24.0358621,榮光巷50號之5,,953990559,https://www.facebook.com/profile.php?id=100057676568784
瑪莉溫泉休閒農莊,南投縣,仁愛鄉,121.163843,24.024158,虎門巷100號,,919695384,https://www.facebook.com/marryonshine681201/?fref=ts
麒帆如露營山莊,南投縣,仁愛鄉,121.0483967,23.9100116,武界林道投71鄉道,,912648245,https://www.chifanru.com/?fbclid=IwAR21ELbWOZZ9h4e4jIx-0n5bFLnfFnUM7tUQdrkTf7wy7EHXhKhkZ4z6ikA
曲冰嫚遊露營區(里格列營地),南投縣,仁愛鄉,121.071538,23.928099,萬豐村10鄰清華巷148附1號,,905182807,https://www.facebook.com/abis777/
翠峰露營區(卡爾小鎮),南投縣,仁愛鄉,121.194702,24.1035065,仁和路235號,,917231233,https://www.okgocamping.com/
武界松露露營區＆小木屋,南投縣,仁愛鄉,121.047635,23.902857,武安路1附6號,,911103553,
雲裳谷露營區,南投縣,仁愛鄉,120.9481,24.06597,清流段1812、1813、1821地號,,978903260,
川中島落羽松露營秘境,南投縣,仁愛鄉,120.947725,24.070265,清風路27-1號,,938227885,https://www.facebook.com/pjb3143v/
武界喜樂露營區,南投縣,仁愛鄉,121.049515,23.909341,法治村武安路23號,,930625120,
清流明月星空民宿/露營區,南投縣,仁愛鄉,120.9549952,24.0957274,明月巷100號,,,
小太陽景觀木屋,南投縣,仁愛鄉,121.172597,24.0604489,仁和路179號,492803861,963319928,http://suncabane.nantou.com.tw/
62階櫻花露營區,南投縣,仁愛鄉,121.1607686,24.0536182,南投縣仁愛鄉仁和路186之5附1號,,937916296,https://www.facebook.com/flowericamping/
哈爾斯塔特露營區,南投縣,仁愛鄉,121.15753,24.04094,無,,928514215,
彌格的露營區,南投縣,仁愛鄉,121.0470913,23.91314716,武安路22附3號,,985883266,
卑里露營區,南投縣,仁愛鄉,121.1629367,24.0237511,南投縣仁愛鄉虎門巷100號,,988957788,https://www.facebook.com/beli0963422209
山鷹露營區,南投縣,仁愛鄉,120.9498,24.07411,明月巷95之1附2號,,974188318,
清流溪畔露營區,南投縣,仁愛鄉,120.9496957,24.0720293,明月巷95-1附2號,,933334966,https://www.facebook.com/groups/211833692566166/
大塊森林,南投縣,仁愛鄉,120.9873531,24.0797723,南投縣仁愛鄉山林巷54618號附2,,975277399,https://www.facebook.com/DakuaiForest
相逢部落露營區,南投縣,仁愛鄉,120.9908738,23.89464071,平等巷1-10號,,967046031,
仙境傳說景觀露營區,南投縣,仁愛鄉,121.1291571,24.0147835,高峰巷70號,,,
蘇格蘭高地,南投縣,仁愛鄉,,,南投縣仁愛鄉大同村榮光巷8-9附1,,,https://www.facebook.com/scottishhighlands1700/
田心小營地,南投縣,仁愛鄉,120.97106,24.06757,互助村原名路136附1號,977408845,,
161•森林/161•Bbuyu,南投縣,仁愛鄉,120.95894,24.04755,原名路66附5號號,,921707177,
曲冰岱牧露營區(曲冰金龍露營區),南投縣,仁愛鄉,121.075358,23.934111,萬豐村清華巷138附3號,,910622069,http://www.facebook.com/goGDcamp/
五六露營農場,南投縣,仁愛鄉,121.11941,24.01341,仁和路1附3號,,982188005,https://www.facebook.com/56camping/
廬山日記露營區,南投縣,仁愛鄉,121.1890371,24.01619788,精英村榮華巷153號,,932789816,
星願村露營區(原川中島七里香露營區),南投縣,仁愛鄉,120.9518223,24.0766283,明月巷95之1附1號,,931364697,https://www.facebook.com/wishcamping/
夢谷瀑布露營區,南投縣,仁愛鄉,121.087199,24.020343,無,,980618781,
畫眉園露營區,南投縣,仁愛鄉,120.9866307,24.077213,山林巷10號,,988720902,https://facebook.com/huameiyuan/?locale2=zh_TW
山中流域露營區,南投縣,水里鄉,120.8514146,23.8250558,水里五路,,915001531,https://www.facebook.com/mountainrivercamp/
美麗水里生態園,南投縣,水里鄉,120.8578189,23.8209636,南投縣水里鄉農富路93號(對面),,932890187,https://www.facebook.com/shuiliriver/
采荷莊民宿,南投縣,水里鄉,120.8651139,23.8022528,南投縣水里鄉回窯路35巷7號,,937594655,https://www.facebook.com/bearloveholiday.lotusfantasy/
邊界Boundary露營區,南投縣,水里鄉,120.87172,23.7527,新南路,,960087699,
大灣農園露營區,南投縣,水里鄉,120.8632216,23.8258421,南投縣水里鄉大灣路11號,,931564808,https://www.facebook.com/GBFCS/
浬賀露營區,南投縣,水里鄉,120.86065,23.82615,水里路,,989729138,
南田牧野家,南投縣,名間鄉,120.6440585,23.8661479,南投縣名間鄉籃口巷20號,492273581,,http://www.muyejia2011.com/
春秋茶事,南投縣,名間鄉,120.6434239,23.8245196,埔中巷32-7號,492581494,900204150,http://www.fingertea.com.tw/
水鏡農莊休閒農場,南投縣,名間鄉,120.7002284,23.8758637,南投縣名間鄉客庄巷17-6號,492227211,911609911,https://www.facebook.com/shuijing.farm/?ref=br_rs
茶語露親子露營區,南投縣,竹山鎮,120.73979,23.68192,無,,931648523,https://www.facebook.com/p/%E8%8C%B6%E8%AA%9E%E9%9C%B2%E8%A6%AA%E5%AD%90%E9%9C%B2%E7%87%9F%E5%8D%80-100076070085367/?locale=zh_TW
雲頂星空,南投縣,竹山鎮,120.74146,23.67904,無,,919012345,
深山林內,南投縣,竹山鎮,120.71511,23.6877,大鞍里頂林路累藤巷6-66號,,914091455,https://bamboo1100.ego.tw/
回歸自然二八露營場,南投縣,竹山鎮,120.71872,23.74051,鹿山路606-7號,,921301171,
上山樂活,南投縣,竹山鎮,120.7191819,23.6956014,頂林路461號,,933779848,http://www.lohascamp.com/
Henyea Forest Life亨野草堂,南投縣,竹山鎮,120.7664178,23.66866862,杉林溪羊灣巷250-1號,,918088815,
大鞍幸福農場,南投縣,竹山鎮,120.7144582,23.7118396,中坑路319號,,909661177,https://www.facebook.com/da.an2009886
天山水茗茶,南投縣,竹山鎮,120.7636389,23.6595061,安山路35號,,919670956,
右下四角村,南投縣,竹山鎮,120.709922,23.776094,集山路二段892之18號,,492658785,
露自在,南投縣,竹山鎮,120.76621,23.6736,大鞍里羊灣巷236-1號,,934061958,
迦南美地園區,南投縣,竹山鎮,120.6919969,23.7527635,中山路7之88號,,928224484,https://www.facebook.com/921cannan/
麻吉露營區,南投縣,竹山鎮,120.7674096,23.6676798,鹿谷鄉羊仔灣236號,,933584748,https://maji-camp.ego.tw/
喆閒茶園露營區,南投縣,竹山鎮,120.7490285,23.6634202,南投縣竹山鎮五寮巷6-1號,,976550868,https://www.facebook.com/profile.php?id=100054659700900
哈比露營區,南投縣,竹山鎮,120.752848,23.8144931,南投縣竹山鎮集山路一段437號,,966678138,https://www.facebook.com/groups/557529097750033/
牛母坪露營區,南投縣,竹山鎮,120.6455855,23.7002132,鲤魚里鲤行路134號,,933651978,https://www.facebook.com/cowhillcamp/
杉林雲境露營區,南投縣,竹山鎮,120.7661271,23.6579906,安山路41-1號,,975553823,https://evshhips.pixnet.net/blog/post/347956582
翠山,南投縣,竹山鎮,120.71632,23.70374,大鞍里竹寮巷1-3號,,932010030,
山湖水岸,南投縣,竹山鎮,120.71456,23.69848,竹山鎮大鞍里頂林路562-5號,,915282578,https://www.facebook.com/p/%E5%B1%B1%E6%B9%96%E6%B0%B4%E5%B2%B8-100066362992945/?locale=zh_TW
竹杉林園露營區,南投縣,竹山鎮,120.67353,23.79618,下坪里枋平巷22-100號,,932661128,
山思雲想,南投縣,竹山鎮,120.7183,23.697535,大林巷16-32號,,921357692,
竹屋部落民宿,南投縣,竹山鎮,120.719071,23.765011,南投縣竹山鎮東鄉路1-67號,492639161,,https://www.facebook.com/profile.php?id=100045433947176
星月秘境休閒農場,南投縣,竹山鎮,120.7051843,23.73823623,南投縣竹山鎮桂林里中山路888號,,929789834,
江澤休閒民宿,南投縣,竹山鎮,120.67533,23.779618,南投縣竹山鎮下坪路199號,,980936047,
空中邊境景觀農場,南投縣,竹山鎮,120.7133487,23.699018,大林巷16-50號,492841229,905199305,http://skylounge.ego.tw/
垂枝女貞農場,南投縣,竹山鎮,120.6748775,23.7700549,枋坪巷22-50號,,932558513,
湖山水庫祕境,南投縣,竹山鎮,120.64495,23.69742,鯉行路152號,,921655046,
旭爸爸の窩,南投縣,竹山鎮,120.7684007,23.6565628,大鞍里安山路70-1號,,919724219,http://www.xu-baba.com.tw/
竹山地心谷營區（2棧）,南投縣,竹山鎮,120.73448,23.6667,大鞍里頂林路590號,,986332777,
里山生態農場,南投縣,竹山鎮,120.737028,23.6839246,鹿寮巷2-2號,,933536509,https://www.facebook.com/lsst432
老茶緣露營場,南投縣,竹山鎮,120.7132589,23.7487202,鹿山路688號,,939592165,https://www.facebook.com/people/%E8%80%81%E8%8C%B6%E7%B7%A3%E9%9C%B2%E7%87%9F%E5%A0%B4/100063762317703/
杉野露營區,南投縣,竹山鎮,120.7677144,23.6564352,安山路70號,,932596090,
忘憂天空露營區,南投縣,竹山鎮,120.6922231,23.7014212,南投縣竹山鎮田南巷22-2,,923142871,https://www.facebook.com/ï¼E5ï¼BFï¼98ï¼E6ï¼86ï¼82ï¼E5ï¼A4ï¼A9ï¼E7ï¼A9ï¼BAï¼E6ï¼B8ï¼A1ï¼E5ï¼81ï¼87ï¼E6ï¼9Dï¼91-1732918630360533/
波希謐境,南投縣,竹山鎮,,,鯉南路309-3號,,,
竹內露營區,南投縣,竹山鎮,120.7255602,23.6819712,頂林路588號55,,919035308,
瑞櫻山莊露營區,南投縣,竹山鎮,120.7162157,23.6975026,頂林路562-3號,,933017038,https://www.facebook.com/luckysakura.villa/
靜竹星空觀景露營區,南投縣,竹山鎮,120.7174274,23.7413405,鹿山路604號,,935397685,https://www.facebook.com/profile.php?id=100064171411727
風秀露營fog showing camping(二城禧茶),南投縣,竹山鎮,120.73084,23.701066,南投縣鹿谷鄉中湖巷16-39號(導航地址),,921301087,
雲野露營區,南投縣,竹山鎮,120.71502,23.71231,中坑路318號,,988112366,https://www.facebook.com/profile.php?id=100090494427486
大鞍松林露營區,南投縣,竹山鎮,120.72017,23.70192,竹寮巷8號,,921390129,
野放巴蒂露營區,南投縣,信義鄉,120.9511805,23.79363757,青雲路段656號,,966525482,
阿里曼山莊,南投縣,信義鄉,120.9980809,23.7990983,丹大林道舊線,,935998957,https://www.facebook.com/godbless0906487675/
勞恩布妮的家,南投縣,信義鄉,,,南投縣信義鄉望鄉部落,,937154493,
拿哥的秘密基地浪漫露營區,南投縣,信義鄉,120.9417081,23.8245493,和平巷85~3號,,985838322,
石方緣,南投縣,信義鄉,120.9654,23.79262,開信巷土虱灣1-1號,,982017628,
雙龍景觀營地(雙龍橋),南投縣,信義鄉,120.9467607,23.7856043,光復巷11-5號,,921355088,https://www.facebook.com/balan001/
玉山星空露營區,南投縣,信義鄉,120.922959,23.557782,南投縣信義鄉東埔村開高巷30號,,927788966,
源頭溫泉民宿,南投縣,信義鄉,120.9324414,23.5649401,開高巷61-6號,,923100510,
瑪兒屋營地,南投縣,信義鄉,120.8812423,23.6310644,信筆巷170-5號,,928666571,https://bed-and-breakfast-675.business.site/
都構密思木屋民宿,南投縣,信義鄉,120.881031,23.598355,南投縣信義鄉望和巷10之10號,,926698523,https://www.facebook.com/profile.php?id=100063650626997
哈努英餐坊營地,南投縣,信義鄉,120.95264,23.7923,地利村開信巷18-6號,,958184000,
山裡面的嵐卡,南投縣,信義鄉,120.96325,23.7943056,地利村姑姑山(台16線臨29號3公里),,979625638,https://www.facebook.com/sai0326/
瑪南吾瑪芙露營區,南投縣,信義鄉,120.885331,23.6070232,望美村望和巷19號望鄉部落,,935897706,https://www.facebook.com/profile.php?id=100064007162003
吟玖鄉溫泉別館,南投縣,信義鄉,120.92006,23.5660195,南投縣信義鄉開高巷136-2號,,,
森谷漫活,南投縣,信義鄉,121.0014116,23.7857498,台16線2-1號,,975388633,https://sites.google.com/site/sengumanhuo633/home
天時農莊,南投縣,信義鄉,121.0013261,23.7884733,河流坪,,911798707,https://www.facebook.com/profile.php?id=100063827799818
迪仰露營區,南投縣,信義鄉,120.8871606,23.6006283,望和巷12-4號,,985925488,http://www.facebook.com/Diang.1990
雙龍部落伊希岸農場露營區,南投縣,信義鄉,120.9473155,23.7645348,無,,963275383,
吉娜田園露營區,南投縣,信義鄉,120.8829127,23.6281524,信筆巷173號,,980277042,https://www.facebook.com/ginaesu1125/
長城高山休閒農莊,南投縣,信義鄉,120.9388046,23.7649701,雙龍村光復巷5鄰89-6號,,937769212,https://www.facebook.com/ZhangChengGaoShanXiuJianNongZhuang/?locale=zh_TW
山谷露瑪露營區,南投縣,信義鄉,120.96807,23.79193,地利村,,933475595,
瑪兒莎莎 Mal-Sa Sa 露營區,南投縣,信義鄉,120.886752,23.600552,望美村望和巷12-3號,,928237348,https://www.facebook.com/malsasa123/info?tab=page_info
五餅二魚咖啡露營,南投縣,信義鄉,120.8884375,23.6020664,望鄉部落聯絡道路127號,,980110406,https://www.facebook.com/enjoyofcoffee/
久玉營地,南投縣,信義鄉,,,聯絡地址：潭南村和平巷38號,909796381,909796381,
Tama singhu 天使營地,南投縣,信義鄉,120.94167,23.7827,雙龍村雙龍林道,,939364453,
邦谷安楠樹屋休閒營地,南投縣,信義鄉,120.945272,23.7872841,光復巷79之8號,,958494049,
塔古斯戶外營地,南投縣,信義鄉,120.8853944,23.6031534,望和巷卡里布安村,,912455489,https://www.facebook.com/Taqus001/
久美瑪夏兒露營區,南投縣,信義鄉,120.88347,23.61309,無,,968325035,
住在玉山園,南投縣,信義鄉,120.9250592,23.5396956,,,931543048,https://www.facebook.com/profile.php?id=100063868091304
達洛鞍休閒民宿,南投縣,信義鄉,120.9404075,23.7979974,地利村開信巷31之6旁,,911742386,http://daluoan.mmweb.tw/
甲一仙營地,南投縣,信義鄉,120.863095,23.670314,自強村6鄰陽和巷12號,492791377,919055002,https://www.facebook.com/pamcampsite/timeline
惠源營地,南投縣,信義鄉,120.8743957,23.628765,無,,985599338,
小烏坵露營區,南投縣,信義鄉,120.9493288,23.7846861,光復巷8號,,925272388,
陌上冬梅露營區,南投縣,信義鄉,120.8637202,23.6887889,新開巷11之9號,,975790508,
曉樂園露營區.南投住宿,南投縣,南投市,120.6603699,23.945363,吉利路126號,,975778598,
心無境園區,南投縣,南投市,120.6511792,23.9424079,鳳山路742號,988299922,919299922,
黃金雨露營區,南投縣,埔里鎮,120.9445306,24.0269414,南投縣埔里鎮西安路三段118號,,985261246,https://www.facebook.com/ï¼E9ï¼BBï¼83ï¼E9ï¼87ï¼91ï¼E9ï¼9Bï¼A8ï¼E9ï¼9Cï¼B2ï¼E7ï¼87ï¼9Fï¼E5ï¼8Dï¼80-590559401344832/
廣成宋爸農場,南投縣,埔里鎮,120.945728,24.035047,中成路8-1號,,928310751,http://www.songfatherfarm.com/
樂活森林農場,南投縣,埔里鎮,120.9277077,23.9351106,桃米路55-1號,,937219523,http://www.lohaforest.com/
ToMe桃米生態露營區,南投縣,埔里鎮,120.9032391,23.943899,種瓜路66-1號,,930012167,https://www.facebook.com/tomecampsite/
玫花露,南投縣,埔里鎮,120.9445926,24.0051808,東峰路18號,912687662,972326389,https://www.facebook.com/groups/RoseCampsite168
遇見東平莊薗,南投縣,埔里鎮,120.9523112,24.0330862,覆金路21之1號,,932539586,https://www.facebook.com/yjdp460/
埔里春天休閒農場,南投縣,埔里鎮,120.9917219,23.98074975,南投縣埔里鎮中山路一段188號,423375309,,
緣溪行露營區,南投縣,埔里鎮,120.989657,23.976914,南投縣埔里鎮蜈蚣里蜈蚣路57號旁,,937598809,
桃米香露營區,南投縣,埔里鎮,120.9111064,23.9556201,種瓜路33-2號,,935682799,https://www.facebook.com/profile.php?id=100057458147593
桂花庭藝術生態營地,南投縣,埔里鎮,120.9664531,23.9506888,隆生路111巷99-1號,966770686,927500702,
青森咖啡莊園,南投縣,埔里鎮,120.9141908,24.0083594,向善路176號,,928383103,
江山樂活,南投縣,埔里鎮,120.8943295,23.9323221,水上巷68號,,977142575,https://www.facebook.com/1476455339312993/
森露其境渡假村,南投縣,埔里鎮,120.91103,23.95489,種瓜路33-15號,,955067838,
咿喲ㄟ故鄉,南投縣,埔里鎮,120.8908763,23.9597838,種瓜路126-2號,492915368,916793918,http://www.yiyo.com.tw/
雲風箏幸福細活村,南投縣,埔里鎮,120.9105706,23.9346171,水上巷35-1號,,953111262,
青青農場親子露營區,南投縣,埔里鎮,120.9739355,24.0066009,福興路146號,923594859,917526786,https://www.facebook.com/profile.php?id=100063769604885
蔽月山房,南投縣,埔里鎮,120.9206829,23.9387146,水上巷8號,,980548469,https://zh-tw.facebook.com/pg/themoontain/about/?ref=page_internal
幸埔森農場,南投縣,埔里鎮,121.0071906,23.9229739,武界路50-29號,,911103669,https://m.icamping.app/store/hps368
山野星空親子露營區(原龍坑農場親子露營區),南投縣,埔里鎮,120.9697676,24.0180695,南投縣埔里鎮福長路260號,,968605609,https://shanyexingkong.ego.tw/
愛聚時光森林露營區(原名外寓民宿露營區),南投縣,埔里鎮,120.91935,23.95037,種瓜路37-1號,,936288804,
童心園露營區,南投縣,埔里鎮,120.9458441,24.0912063,中成路13之2號,,928348428,
燈火嵐杉野奢露營區inHere,南投縣,埔里鎮,120.915459,23.95648769,種瓜路33-5號,,958998309,
賽德克公主之熊本部親子露營區,南投縣,埔里鎮,121.000647,23.964967,南投縣埔里鎮鯉魚路22-7號,,980618781,https://www.facebook.com/Bearcamground/
愛玩客露營區,南投縣,埔里鎮,120.9260426,23.9405271,桃米巷52-12號,492918346,,
外大坪觀星民宿(嫻安軒觀星民宿),南投縣,埔里鎮,120.9130158,23.9576468,種瓜路33-6號,,931223095,https://zh-tw.facebook.com/pulisas/
綠野森林農場,南投縣,埔里鎮,120.9749549,23.9844096,西安路一段550巷12-1號,,977001535,http://lyuye.ego.tw/?mobile=0
埔里獨角仙親子露營生態園區,南投縣,埔里鎮,120.9228072,24.014235,西安路三段167巷103號,,936175376,
暮雲春樹露營區,南投縣,埔里鎮,120.911101,23.955324,種瓜路33-3號,,933536625,https://www.facebook.com/Pulicamping/
成功秘境露營場,南投縣,埔里鎮,120.8938625,23.9582029,種瓜路120-8號,492910969,972496517,
LOLO農場-休閒露營園區,南投縣,埔里鎮,120.9526784,24.0238723,眉原路3號,,905224119,https://www.facebook.com/LOLOCamping/
福長果園露營區,南投縣,埔里鎮,120.9748803,24.0120246,福長路100 號,,921931984,https://www.facebook.com/fulong.ego.tw
綠舍潭果露營區,南投縣,埔里鎮,120.9993608,23.964508,無,492990259,933553753,https://www.facebook.com/rstg497/
露宿Lùsù Camping,南投縣,埔里鎮,120.903161,23.93748193,水上巷25-1號,,975321550,
湯尼瑪麗露營區,南投縣,埔里鎮,120.9113494,23.9561413,種瓜路,,933219398,https://www.facebook.com/Tonymarycamping
蛙揪愛露營,南投縣,埔里鎮,120.9106732,23.9565188,種瓜路33-9號,,931681148,https://www.facebook.com/wj095506/
桃米山生態露營區,南投縣,埔里鎮,120.9016988,23.9468373,種瓜路52號,,937262758,http://www.red-villa.com.tw/
埔里紫月樹葡萄營地,南投縣,埔里鎮,120.9510149,23.9446445,水墻巷5號,,912982445,https://pulijabuticaba.okgo.tw/?ShopID=7481
合成仙谷露營區,南投縣,埔里鎮,120.9173775,24.0216639,合成巷22號,,953461458,
印象山水,南投縣,埔里鎮,120.89309,23.95995,成功里種瓜路120-9號,,932066835,
茶吾此露生態營地,南投縣,埔里鎮,120.9138034,23.9579079,種瓜路33-13號,968551169,977380860,https://www.facebook.com/teafarmlifecamping/
聽瀑營地,南投縣,埔里鎮,121.0155488,23.9311193,武界路33-8號,,932959361,https://m.icamping.app/store/pltbyd193
顏氏牧場,南投縣,埔里鎮,120.906349,23.9323611,水上巷28號,492912041,937888102,http://yenpasture.com/
龍泉營地,南投縣,埔里鎮,121.0039022,23.9261682,武界路28之10號,,910543983,https://www.facebook.com/Gr.0903568521
農家樂露營區,南投縣,埔里鎮,121.0095793,23.9281687,麒麟里武界路35-3號,,963577718,https://www.facebook.com/kyd3201v/
水墻映月景觀露營區,南投縣,埔里鎮,120.944947,23.944746,水墻巷8-8號,,985845689,http://waterwallmoon.ego.tw/
草湳濕地農場,南投縣,埔里鎮,120.9150979,23.9486386,種瓜路44號,492915455,934065630,http://chiounan.okgo.tw/
水与松森林莊園,南投縣,埔里鎮,120.944817,23.965349,南村路9-7號,,976182893,
宸羽坊衫,南投縣,埔里鎮,120.9409692,23.9465199,桃米路12-15號,,903853827,
樂在足中足球營地,南投縣,草屯鎮,120.7283655,23.966175,股坑巷10-3號,975912778,932561106,https://www.facebook.com/p/%E6%A8%82%E5%9C%A8%E8%B6%B3%E4%B8%AD%E8%B6%B3%E7%90%83%E7%87%9F%E5%9C%B0-100064165506052/?locale=zh_TW
森活家露營渡假山莊,南投縣,草屯鎮,120.7873,23.96713,雙冬里雙龍巷5-20號,,918755265,
七口灶休閒農場,南投縣,草屯鎮,120.7331616,23.9551972,南投縣草屯鎮富頂路股坑巷13-88號,423593968,972886913,https://www.facebook.com/7ks2015/
山茶瀑布露營區,南投縣,草屯鎮,120.8139229,23.985447,南投縣草屯鎮茶鍋路,,906585089,https://www.facebook.com/yl1968/
三乘山露營區,南投縣,草屯鎮,120.7518207,23.9779433,土城里三層巷50號,975023329,937858929,https://facebook.com/threeXmountain/
大衛營露營農場,南投縣,草屯鎮,120.7123936,23.9830662,富德街66巷75號,,932619018,http://www.david-camp.com/
山上的茶樹,南投縣,草屯鎮,120.814046,23.984981,雙冬里山茶巷,,935090930,https://www.facebook.com/teastree/
滾石部落,南投縣,國姓鄉,120.8559988,24.0940834,無,,972777528,https://www.facebook.com/RollingStoneTribe/
浚晟茶葉農場,南投縣,國姓鄉,120.8365219,23.9646946,無,,982581079,https://www.facebook.com/ChunChengLouLuYing
覓境露營x行者咖啡,南投縣,國姓鄉,120.9177878,24.0582624,國姓路25之12號,492462688,910464966,https://www.facebook.com/profile.php?id=100064014848815
趣露營 GOLY,南投縣,國姓鄉,120.8470136,24.0517339,旗洞巷29號,,968704818,
九份二山連興露營區,南投縣,國姓鄉,120.8439553,23.9641667,鳳鳴巷39-6號,,921784737,https://www.facebook.com/lianxing.camping/
港寮枝179景觀農場,南投縣,國姓鄉,120.8313303,23.9455865,南港村長石巷68之6號,,952854008,http://www.camping-179.com/
山水園露營農莊,南投縣,國姓鄉,120.886385,24.090589,大長路117-1號,,987316918,
漾嵐山庄,南投縣,國姓鄉,120.8742079,24.0620309,長流村大長路584之9號,,985678080,https://www.facebook.com/scott19293949/
馬沙露營區,南投縣,國姓鄉,120.874422,24.052274,大長路616-1號,,988298967,
長豐露營區,南投縣,國姓鄉,120.8543197,24.1158444,東二巷116-16號,,931640968,https://www.facebook.com/profile.php?id=100063652465104
沐光山居2歐瑪魯渡假莊園(原沐光山居),南投縣,國姓鄉,120.88587,24.06124,南投縣國姓鄉長北路90-2號,,958566731,https://www.facebook.com/thedawnvalley/
仙徠山莊,南投縣,國姓鄉,120.877072,24.1018629,長豐村東二巷71號,,986603931,https://xianlei2015.mystrikingly.com/
黃金藍海秘境露營區,南投縣,國姓鄉,120.872119,24.059746,大長路613號,,973063778,
泰雅渡假村,南投縣,國姓鄉,120.9432949,24.0683224,南投縣國姓鄉北原路56-2號,492461311,,https://www.atayal.com.tw/zh-tw
水岸松林農場,南投縣,國姓鄉,120.925112,24.06612,北圳巷30-8號,,906577942,
騰雲農莊,南投縣,國姓鄉,120.8294322,23.9556579,長石巷42號,,910462752,
雲享清峰,南投縣,國姓鄉,120.8240787,24.0596875,中西巷111-13號,,958360889,https://www.facebook.com/13641KM/
聽花山川,南投縣,國姓鄉,120.8506,23.90288,無,,912571817,
小胖露營區,南投縣,國姓鄉,120.8934086,24.0572882,北港村國姓路90號,,935884093,
星星的故鄉,南投縣,國姓鄉,120.914754,24.106512,大長路80-2號,492432101,910575291,
山的抱抱,南投縣,國姓鄉,120.85671,24.06173,無,,912253403,
黃金森林露營區,南投縣,國姓鄉,120.8911387,24.1148419,長福村長雙巷9號,,931226677,
沐晨露營區,南投縣,國姓鄉,120.8566818,24.1188931,長豐村東一巷51-8號,,937219911,https://www.facebook.com/sunfuncamping
祿鹿生態農場露營區(橄欖樹下的祿鹿營區),南投縣,國姓鄉,120.8752023,23.9651694,無,,926314118,https://www.facebook.com/Olivetreelulu/
隱山蹤 露營區,南投縣,國姓鄉,120.85665,24.06225,旗洞巷4-18號,,917236859,
糯米橋石灶松林露營區,南投縣,國姓鄉,120.9066971,24.0609268,長北路16之5號,,922988589,
森之境露營區,南投縣,國姓鄉,120.87138,23.955264,南港二號橋,,918755265,http://campground-334.business.site/
山林曉境露營區,南投縣,國姓鄉,120.8712727,23.9560838,南港二號橋,,932562608,https://www.facebook.com/campsitenantou
北港溪沙八渡假村,南投縣,國姓鄉,120.9345423,24.0624419,北原路34-1號,492461776,921461776,http://www.pkcv.net/
喬園渡假山莊,南投縣,國姓鄉,120.870576,23.964966,鳳鳴巷5之2號,492452311,932675089,http://joygarden.ego.tw/
水悅左岸露營區,南投縣,國姓鄉,120.8669106,24.0500123,大長路622之1號,,921300708,
水中月民宿咖啡露營區,南投縣,國姓鄉,120.8831586,24.0529697,長北路117-1號,919555815,928998599,https://www.facebook.com/0919555815s
小豬迷露,南投縣,國姓鄉,120.8526028,23.9092333,港頭巷10-13號,,937580629,https://piggy-camping.neocities.org/
猴洞坑露營區,南投縣,國姓鄉,120.68775,23.76507,旗洞巷29號,,906543258,
小樹蛙露營區,南投縣,國姓鄉,120.8513725,24.056751,大旗村福旗巷,,932578765,https://www.facebook.com/tot1688/
高峰農場,南投縣,國姓鄉,120.8327208,23.9514631,長石巷42-9號,,975237660,https://www.facebook.com/highpeakfarm/
北山露營農場,南投縣,國姓鄉,120.8290402,23.9467524,長石巷42-5號,,910217959,http://0966586112.emmm.tw/
水秀休閒農場,南投縣,國姓鄉,120.8955754,24.0615189,南投縣國姓鄉北港村長北路61-3號,492461169,,
百勝村休閒農場,南投縣,國姓鄉,120.9086985,24.0536831,南投縣國姓鄉國姓路87-9號,492461001,,https://www.facebook.com/Baishencoffee/
朱家寨露營區,南投縣,國姓鄉,120.85516,24.05845,旗洞巷2-1號,,933475512,
東原秘境露營區,南投縣,國姓鄉,120.8313606,23.9553495,長石巷43之6號,,921731909,https://www.tyzenping.com/
地球村休閒農場,南投縣,國姓鄉,120.8798486,24.05221031,南投縣國姓鄉長北路128之1號,492462052,910506439,
放乎自然露營基地 Fun of nature glamping,南投縣,國姓鄉,120.92875,24.06493,北原路60之1號,,988793651,
上野左岸露營區,南投縣,國姓鄉,120.8466596,23.93736341,南投縣國姓鄉南港村長石巷,,916798011,
廿十八路露營區,南投縣,國姓鄉,120.83312,23.94106,南港村長石巷28-2號,,928175895,
喜樂福露營區,南投縣,國姓鄉,,,北港村長北路95-20號,,,
嬉皮國度-入樹二村,南投縣,魚池鄉,120.92196,23.91994,大雁巷31-8號,,939079923,
龍品園,南投縣,魚池鄉,120.9735512,23.8686272,無,952983293,922987194,https://www.facebook.com/longcamping/
溪泮小屋露營區,南投縣,魚池鄉,120.9581948,23.9025528,五馬巷2-2號,,906563897,https://www.facebook.com/Xipanhut/?locale=zh_TW
頭社水庫露營區,南投縣,魚池鄉,120.8986284,23.835961,平和巷127-12號,492861497,932594428,https://www.facebook.com/profile.php?id=100071606181892
青綠園露營區,南投縣,魚池鄉,120.8936673,23.8854337,五城巷11-22號,,922131159,https://www.facebook.com/GDcamping/
龍之泉休閒露營區,南投縣,魚池鄉,120.9540492,23.8862414,華山巷16號,,910895887,https://www.facebook.com/Dragon.FamilyFarm/
日月潭日月山莊休閒農場,南投縣,魚池鄉,120.9340338,23.89729912,南投縣魚池鄉魚池街443-36號,492899996,,http://www.facebook.com/sunmoonlakeresorts/
林坡微步 露營區,南投縣,魚池鄉,120.9274923,23.899604,通文巷,,936289748,
森露快樂休閒營地(原頭社後尖山休閒營地),南投縣,魚池鄉,120.9014018,23.8205574,平和巷10號,,955067838,
祿野營地,南投縣,魚池鄉,120.9374628,23.9232223,香茶巷12-13號,,903728362,
日月潭貓囒山露營區,南投縣,魚池鄉,120.5539,23.5303,南投縣魚池鄉中明村有水巷22號,,919055082,
日月潭九蛙秘境露營區,南投縣,魚池鄉,120.8998404,23.8659603,中山路510巷9之22號,,972373259,https://www.facebook.com/profile.php?id=100063883309968
山宇晴莊園,南投縣,魚池鄉,120.9299845,23.9132079,通文巷54-16號,,910470887,https://www.facebook.com/shan.yu.qing5416/
暮沐露營小庄。Moonmood,南投縣,魚池鄉,120.88875,23.92054,華龍巷31號,,965106268,
半山秘境,南投縣,魚池鄉,120.9196136,23.89754604,無,,937852632,
山福情森露營區,南投縣,魚池鄉,120.8856009,23.9181587,華龍巷43-3號,,905399051,http://www.sfqs.com.tw/
威廉莊園露營區,南投縣,魚池鄉,120.9469362,23.8824813,永川巷,,933510320,
1-2號營地,南投縣,魚池鄉,120.9401302,23.8836216,南投縣魚池鄉東池村文武巷1-2號,,968335496,https://www.easycamp.com.tw/Store_2505.html
部落之丘 Camping,南投縣,魚池鄉,120.92423,23.98116,文正巷1-45號,,981823645,
鹿露露營區,南投縣,魚池鄉,120.94663,23.92617,新城村香茶巷28-5號,918373221,918373221,
念念小憩,南投縣,魚池鄉,120.95748,23.90304,聯絡地址：共和村長興巷27-6號,,925075185,
魚宙露營區,南投縣,魚池鄉,120.94453,23.89978,埔尾路,,978051515,
樂沐山林_親子友善露營區,南投縣,魚池鄉,120.960401,23.905887,五馬巷4號,,928366314,
梢楠林民宿露營,南投縣,魚池鄉,120.88949,23.91255,五城村華龍巷31-8號,,933658203,
一樂農場露營區,南投縣,魚池鄉,120.92236,23.90424,新城村通文巷7-6號,939079923,921300571,
仙聞營區,南投縣,魚池鄉,120.8913063,23.9035379,華龍巷73號,,966366199,https://www.facebook.com/sw477/?locale=zh_TW
空若水營地,南投縣,魚池鄉,120.9389994,23.889193,文武巷1-33號,,911448888,
享樂玩家,南投縣,魚池鄉,120.9547523,23.8909492,五馬巷2-3號,,908993555,https://www.facebook.com/play94236/
森林寓-露營區,南投縣,魚池鄉,120.9476414,23.8981379,東興巷19號,,921301290,
光隅Luminook,南投縣,魚池鄉,,,聯絡地址：中明村文正巷2-28號,968965538,968965538,
唯樂露營區,南投縣,魚池鄉,120.894982,23.825112,協力巷11-6號,,975086680,https://www.facebook.com/welove.camping006888
合興休閒營區,南投縣,魚池鄉,120.8911655,23.9039916,華龍巷73-1號,492899677,926771215,http://www.facebook.com/hophing731/
四心小草露營區,南投縣,魚池鄉,120.886002,23.918047,華龍巷43-16號,,921652067,
彩虹天空親子營地,南投縣,魚池鄉,120.9554733,23.9019668,五馬巷131號縣道8k處,963561621,925131837,https://m.icamping.app/store/thtk311
峇嵐杉丘 奢華露營,南投縣,魚池鄉,120.92088,23.88878,文正巷2之6號,492895688,989111447,
青螢露營區,南投縣,魚池鄉,120.8875308,23.8847203,五城巷十七號,,989300289,https://www.facebook.com/BlueFireflyCAMP/
樹樂露營區,南投縣,魚池鄉,120.9564817,23.9026739,五馬巷5-1號,,912131381,https://www.facebook.com/profile.php?id=100076331290695
森星林驛站,南投縣,魚池鄉,120.91124,23.89873,山楂腳巷5-36號,,913011099,
攝手座營地,南投縣,魚池鄉,120.8885007,23.9109135,華龍巷31-10號,,935318321,
親手窯茶莊營地,南投縣,魚池鄉,120.923295,23.8915592,烏山62號,24933603,,
日月潭夢想親子露營區,南投縣,魚池鄉,120.9228591,23.8840751,有水巷28-3號,,968695859,http://dreamcamptw.com/
涵香小屋露營驛站,南投縣,魚池鄉,120.9592329,23.9034896,五馬巷2之10號,,989032308,https://www.facebook.com/HS.hansiang/
田螺屋清新露營區,南投縣,魚池鄉,120.9222436,23.891547,文正巷5-3號,,937216579,
日月潭翠湖休閒渡假中心,南投縣,魚池鄉,120.9270622,23.8439381,中正路338-1號,,934190780,
日月潭齊樂事露營區,南投縣,魚池鄉,120.92815,23.84352,中正路336號,,977737732,
入樹村露營區,南投縣,魚池鄉,120.91949,23.91978,大雁巷31-7號,,928164649,
入森林露森林,南投縣,魚池鄉,120.956315,23.9015333,水埔產業道路131號,,975030983,https://www.facebook.com/camping131
拂水山莊,南投縣,魚池鄉,120.9586553,23.9037706,五馬巷2-15號,952000857,977173374,https://traiwan.com/official/booking.php?id=budawater
峰芢苑露營區,南投縣,魚池鄉,120.9413802,23.8800834,永川巷25之6號,,932336379,https://www.facebook.com/groups/477404315769534/?ref=bookmarks
香菇寮生態營地,南投縣,魚池鄉,120.8862529,23.914848,華龍巷41-2號,492895458,919736342,http://www.xianggu.com.tw/product_show.html?id=8541
帖泊喀露營區,南投縣,魚池鄉,120.9349366,23.8512141,中正路102號,,918611797,https://www.facebook.com/%E5%B8%96%E6%B3%8A%E5%96%80-636074496896774/
畢瓦客,南投縣,魚池鄉,120.9040157,23.8670377,中山路361-3號,492855168,927966568,https://www.biwak.com.tw/
居大雁,南投縣,魚池鄉,120.9171701,23.9229187,大雁巷41之33號,,933407021,https://www.facebook.com/chutayen/
梢楠園,南投縣,魚池鄉,120.8872515,23.9117819,華龍巷31-2號,492897119,921933219,http://greentrip.com.tw/
日月潭金龍山曙光營地,南投縣,魚池鄉,120.89767,23.90013,華龍巷14號,,918005858,
魚雅筑渡假村,南投縣,魚池鄉,120.88857,23.9091899,華龍巷56-1號,492895188,,http://www.fishlife.com.tw/
W.H窩,南投縣,鹿谷鄉,120.7301327,23.7720106,中正路三段686巷21號,963154168,933180839,https://www.facebook.com/worldhousecamp/
鳳凰渡假山莊,南投縣,鹿谷鄉,120.8226776,23.7108249,南投縣鹿谷鄉竹林村光復路174-67號,492677389,,
綠光之愛室內露營區,南投縣,鹿谷鄉,,,南投縣鹿谷鄉竹豐村中湖巷28之11號,,933474674,https://www.facebook.com/ï¼E5ï¼B0ï¼8Fï¼E5ï¼8Dï¼8Aï¼E5ï¼A4ï¼A9ï¼E7ï¼B6ï¼A0ï¼E5ï¼85ï¼89ï¼E4ï¼B9ï¼8Bï¼E6ï¼84ï¼9Bï¼E9ï¼9Cï¼B2ï¼E7ï¼87ï¼9Fï¼E5ï¼8Dï¼80-436804646508805/
鳳凰山日出湖秘密基地,南投縣,鹿谷鄉,120.7797251,23.7376436,鳳園路88之50號,,910662386,
和雅六分營地,南投縣,鹿谷鄉,120.77694,23.69763,和雅村愛鄉路39-42號,,910540958,
蟬說：溪頭生態露營區,南投縣,鹿谷鄉,120.797759,23.677726,森林巷9號,497008136,,https://www.chanshuo.tw/xitouecocamping/
錦屏之窗,南投縣,鹿谷鄉,120.7776786,23.7539212,南投縣鹿谷鄉和平巷20之2號,492750907,,https://www.facebook.com/profile.php?id=100064279172651
露‧山曉露營區,南投縣,鹿谷鄉,120.7725763,23.716353,愛鄉路98-16號,,979882918,https://www.facebook.com/126496351202953/
腳踏石地露營區,南投縣,鹿谷鄉,120.79211,23.76179,無,,972099935,
凍頂山露營農場,南投縣,鹿谷鄉,120.7659084,23.7480112,彰雅村凍頂巷33之2號,,932698832,https://www.facebook.com/349645295409588/photos/350080952032689/
山自在人文生態營地,南投縣,鹿谷鄉,120.77047,23.71263,和雅村愛鄉路97-45號,,919581555,
亨宿露營區,南投縣,鹿谷鄉,120.7429939,23.740638,光復路8之60號,,903090538,https://www.facebook.com/people/%E6%84%9B%E9%9C%B2%E7%87%9F-%E4%BA%A8%E5%AE%BF%E9%9C%B2%E7%87%9F/100063966816901/?sk=about
一陽露營區,南投縣,鹿谷鄉,120.7727741,23.690958,愛鄉路39之153號,,936964115,https://www.facebook.com/OneSunCampingTW
小半天休閒露營園區,南投縣,鹿谷鄉,120.7506292,23.7272444,中湖巷28之16號,,935056276,https://sbt.mmweb.tw/
桂香園露營區,南投縣,鹿谷鄉,120.7494306,23.7478744,南投縣鹿谷鄉中正路二段211巷19號,,,
野趣凍頂-奢華露營,南投縣,鹿谷鄉,120.7636399,23.74643593,凍頂村7-26號,,915310099,
楠林與露,南投縣,鹿谷鄉,120.7698552,23.72128063,竹林村愛鄉路101-17號,,953777383,
世外陶莊,南投縣,鹿谷鄉,120.7414875,23.7441421,鹿彰路45之300號,,935315471,http://angel.nantou.com.tw/
白雲朵朵•露營•,南投縣,鹿谷鄉,120.76381,23.7513,凍頂巷32-18號,,928053625,
溪頭和興露營區,南投縣,鹿谷鄉,120.772595,23.6934557,愛鄉路39-30號,,918124527,http://hexing-camp.ezgo.tw/
石盤阬露營區,南投縣,鹿谷鄉,120.7926819,23.7569613,秀林巷13-7號,,919835607,https://www.facebook.com/shihpankeng
小半天後花園自然生態園區,南投縣,鹿谷鄉,120.7468271,23.7175664,南投縣鹿谷鄉堀邊巷1-36號,492752869,,
能通農場露營區,南投縣,鹿谷鄉,120.77368,23.70349,愛鄉路64-1號,,921796881,
三生園生態露營區,南投縣,鹿谷鄉,120.7768762,23.7264494,民生巷8-1號,,919829135,https://www.facebook.com/people/%E4%B8%89%E7%94%9F%E5%9C%92%E7%94%9F%E6%85%8B%E9%9C%B2%E7%87%9F%E5%8D%80/100063611719109/
新初鄉847露營區,南投縣,鹿谷鄉,120.7406612,23.7612358,仁愛路256號,,988847848,http://847.ego.tw/
鹿過星境景觀露營區,南投縣,鹿谷鄉,120.736525,23.759452,中正路三段101之26號,,937723539,https://www.facebook.com/L0492750849/
集集對岸農場露營區,南投縣,集集鎮,120.8084179,23.8297355,梨頭巷26號,928177277,939336906,https://www.facebook.com/jan9033/
集元果觀光工廠露營區,南投縣,集集鎮,120.814285,23.825049,大坪巷38號,492764562,,http://www.jijibanana.net/
賽嘉國小露營場,屏東縣,三地門鄉,120.639444,22.743069,屏東縣三地門鄉賽嘉村2號,87992220,,
青葉國小露營場,屏東縣,三地門鄉,120.639123,22.837692,屏東縣三地門鄉青葉村光復巷1之2號,,,https://www.cyes.ptc.edu.tw/nss/p/index
六堆園區露營區,屏東縣,內埔鄉,120.5566853,22.66181889,信義路588號,87230100,,https://thcdc.hakka.gov.tw/8268/
Nasi深呼吸,屏東縣,牡丹鄉,,,,,,
君伯園露營區,屏東縣,牡丹鄉,120.87779,22.18936,旭海路99-1號,,,
左岸民宿露營區,屏東縣,牡丹鄉,120.88789,22.1932,,,,
華園鄉村民宿露營區,屏東縣,牡丹鄉,120.74675,22.10094,,,938771758,https://www.facebook.com/huayuanbnbfb/?locale=zh_TW
旭海舞浪園露營區,屏東縣,牡丹鄉,120.87699,22.19186,旭海路95之6號945,,927319395,https://www.facebook.com/profile.php?id=100063717769029
kikiu綠地露營區,屏東縣,牡丹鄉,120.77555,22.12759,牡丹鄉石門村1-14號,,920386288,https://www.facebook.com/groups/1574104066146056/
九大露營區,屏東縣,牡丹鄉,120.88593,22.19345,旭海路1-16號,,,
河畔露營區,屏東縣,牡丹鄉,120.7478664,22.1013319,大梅路1之20號,,989705959,
悠客驛境露營區,屏東縣,車城鄉,120.73437,22.07659,統埔路23-1號,,,
屏東車城_保力林場,屏東縣,車城鄉,,,,,,
同學農場-大角天文小鎮,屏東縣,里港鄉,120.5303677,22.83272047,土庫村東榮巷32-10號,76831115,,https://www.facebook.com/profile.php?id=100057638851283
思樂谷,屏東縣,來義鄉,,,,,,
嘉後休閒農園,屏東縣,來義鄉,120.656285,22.55977198,,,,
根源自然生態休閒農場,屏東縣,恆春鎮,120.7242004,22.0539798,946屏東縣恆春鎮省北路二段568號,88897858,,https://www.facebook.com/source.farm00
海山露營區,屏東縣,恆春鎮,120.8482643,21.91121807,屏東縣恆春鎮砂島路200-2號,,,
快樂白沙露營區,屏東縣,恆春鎮,120.715985,21.93672304,,,,
OâGLAMPING墾丁貓鼻頭露營莊園,屏東縣,恆春鎮,120.736044,21.92448784,94645屏東縣恆春鎮下泉路90號,88866669,911430688,http://www.oglamping.com/
趣漫步休閒農場,屏東縣,恆春鎮,120.713296,21.942461,屏東縣恆春鎮水泉里12鄰樹林路1之10號,88866558,,https://www.bayforesthotel.com/camping/
阿信巧克力休閒農場,屏東縣,恆春鎮,120.705406,21.997752,屏東縣恆春鎮萬里路27-8號,88869696,,http://www.taiwanchoco.com.tw/
沙島露營區,屏東縣,恆春鎮,120.8483567,21.91243091,屏東縣恆春鎮砂島路200號之1,,,
青山露營區,屏東縣,恆春鎮,120.8479736,21.91443645,砂島路234-3號,,,
墾丁遊憩學苑露營場,屏東縣,恆春鎮,120.719752,21.996552,德和里9鄰德和路702巷12號,,922516598,
大漢山休閒農場,屏東縣,春日鄉,120.6483995,22.3898267,春日鄉春日村春日路67號,,911934682,
雕瓦納休閒露營區,屏東縣,泰武鄉,120.6501113,22.56885528,泰武鄉武潭段601-2地號、來義鄉古樓段381地號,,,
地福露安休閒露營區,屏東縣,泰武鄉,120.6792616,22.59202911,良武巷132號,,,
屏東泰武_大武山休閒農場(民宿),屏東縣,泰武鄉,,,,,,
日光境露營區,屏東縣,泰武鄉,120.6508782,22.5984447,,,,
綠野遊蹤民宿露營區,屏東縣,高樹鄉,120.6423085,22.87038579,新豐村義興路16-1號,,,
松秀雅筑,屏東縣,高樹鄉,120.622509,22.74180791,廣興村祥興街179號,,,
屏東高樹_大路觀主題樂園,屏東縣,高樹鄉,120.62648,22.73749,屏東縣高樹鄉中正路188號,87956611,,https://www.dalukuanland.com/
獅頭庄水農場,屏東縣,新埤鄉,120.609,22.467,屏東縣新埤鄉進化路12之156號,,,
穎達生態休閒農場,屏東縣,萬巒鄉,120.612335,22.631323,屏東縣萬巒鄉新安路52號,87990383,,https://www.facebook.com/indafarm/posts/2569051519906096
和華園休閒農場,屏東縣,萬巒鄉,120.6051138,22.594094,五溝村東興路66之1號,,,
碧連天農場,屏東縣,滿州鄉,120.8314116,22.03568697,,,,
蒙馬羅露營農莊,屏東縣,滿州鄉,120.8011133,21.98804639,永南路20-7號,,,
卡拉達然露營區,屏東縣,瑪家鄉,120.6791854,22.67019704,,,,
獵人驛站,屏東縣,瑪家鄉,120.6809172,22.66660473,,,,
桃花園,屏東縣,瑪家鄉,120.682767,22.66567149,,,,
長榮百合國小露營場,屏東縣,瑪家鄉,120.642799,22.698502,屏東縣瑪家鄉瑪家村和平路一段65號,,,https://www.eles.ptc.edu.tw/nss/p/index
屏東潮州_8大森林樂園,屏東縣,潮州鎮,120.558004,22.547514,屏東縣潮州鎮潮州路800號,87898822,,https://www.facebook.com/bada.com.tw/
冒煙屋,屏東縣,霧臺鄉,120.7297042,22.75056357,神山巷38號,,,
霧台山莊,屏東縣,霧臺鄉,120.7290859,22.74356774,屏東縣霧台鄉中山巷87-4號,,,
神山民宿山莊,屏東縣,霧臺鄉,120.7278091,22.75304816,屏東縣霧台鄉神山巷1-16號,,,
柚園生態休閒農場,屏東縣,麟洛鄉,120.5550435,22.66597118,麟洛鄉民族路435-2號,87214446,,http://yoyuan.blogspot.tw/
諾維琪露營基地,苗栗縣,三義鄉,120.797029,24.361682,龍騰村9鄰草排10-1號,,905130059,https://norwich.epo.tw/?.p=HjEY
杉棲山。旭 豪華露營,苗栗縣,三義鄉,120.76248,24.38661,,,972143213,
五福山莊,苗栗縣,三義鄉,120.793316,24.372816,龍騰村草排12鄰40號,,912964383,https://www.easycamp.com.tw/Store_2432.html
半月彎露營區,苗栗縣,三義鄉,120.809814,24.387728,苗栗縣三義鄉雙潭村崩山下80之6號,37873887,,http://www.halfmoonbent.com.tw/reserve.php
彩園親子露營區,苗栗縣,三義鄉,120.804995,24.383947,苗栗縣三義鄉大通公路12號,,932953898,https://m.facebook.com/profile.php?id=1753773234947251
不遠露營度假山莊,苗栗縣,三義鄉,120.785431,24.39526,雙連潭9鄰199號,,918833021,https://www.close-2.com/content/campinfo
斷橋部落．輕奢露營,苗栗縣,三義鄉,120.774177,24.355957,三義鄉龍騰村外庄40號,,933403833,https://www.brokenbridgetribecmap.com/?lang=tw
龍騰讚露營趣,苗栗縣,三義鄉,120.773342,24.359479,苗栗縣三義鄉外庄20號之三,,933549269,https://m.icamping.app/store/ltz353
溫馨農場露營區,苗栗縣,三義鄉,120.81745,24.38734,苗栗縣三義鄉雙潭村16鄰崩山下38號,37871551,912668450,https://www.easycamp.com.tw/Store_2282.html
雲想家露營商行,苗栗縣,三義鄉,120.806614,24.386799,雙潭村15鄰崩山下36-8號,,903012963,http://www.queenyscottages.com/
依杉林露營區,苗栗縣,三義鄉,120.778412,24.409259,雙潭村8鄰雙連潭102號,,988557085,https://www.facebook.com/k5886/
山板樵休閒農場,苗栗縣,三義鄉,120.74934,24.376809,苗栗縣三義鄉雙潭村雙連潭138號,37875766,,https://bmr.bluemagpie.com.tw/index.htm
關刀山景庭露營區,苗栗縣,三義鄉,120.813852,24.387071,苗栗縣三義鄉双潭村崩山下16鄰88號,,928651428,https://www.easycamp.com.tw/Store_2160.html
春田窯陶藝休閒渡假園,苗栗縣,三義鄉,120.79922,24.40941,三義鄉雙潭村大坪7號,37877820,982777675,https://www.facebook.com/springkiln/
貝岩居農場/山谷露營區,苗栗縣,三義鄉,120.777405,24.376797,苗栗縣三義鄉龍騰村13鄰龍鰧3號,,933980007,https://www.facebook.com/BeiYanJu/
棠春休閒莊園,苗栗縣,三灣鄉,121.003793,24.653003,苗栗縣三灣鄉竹湖15-1號,37832606,,https://www.facebook.com/TangChunCamping/
三號秘境露營區,苗栗縣,三灣鄉,120.946496,24.633351,苗栗縣三灣鄉16-2號,,925143229,https://www.facebook.com/NO.3CAMP/?locale=zh_TW
八號仙境(2館)露營區,苗栗縣,三灣鄉,120.966009,24.596467,352苗栗縣三灣鄉15-2號,,933835181,http://www.sianjingshan.com/
斑比跳跳,苗栗縣,三灣鄉,120.965788,24.64447,苗栗縣三灣鄉小北埔27號,,932093859,https://iglamping.tw/
神農渡假農場,苗栗縣,三灣鄉,120.951768,24.672585,苗栗縣三灣鄉內灣村小份美12號,,937800057,http://www.shennong.tw/
林翰(逗點露營場),苗栗縣,三灣鄉,120.959308,24.667906,內灣村龍峎頂5-17號,929133980,978391613,https://www.hipoutdoor.com/Comma/campsite.aspx
自由之丘露營地,苗栗縣,三灣鄉,120.96072,24.66961,內灣村1鄰龍峎6-2號,,979076679,https://www.hillfreedom.com/
水漾森林露營場,苗栗縣,三灣鄉,120.9596393,24.64645066,苗栗縣三灣鄉北埔村小北埔7鄰2-13號,,911000855,https://m.icamping.app/store/sysl389
鄉町露營區,苗栗縣,三灣鄉,120.979977,24.668572,苗栗縣三灣鄉大銅鑼圈88號,,928020933,https://www.easycamp.com.tw/Store_2461.html
小份美營地,苗栗縣,三灣鄉,120.951161,24.669959,小份美20-1 號,,911892891,https://www.hipoutdoor.com/Bpol/campsite.aspx
微笑山丘,苗栗縣,大湖鄉,120.861392,24.39544,義和村和興22-5號,,919320680,https://www.smilecamping.com.tw/
楓葉情露營區,苗栗縣,大湖鄉,120.887528,24.37859,東興產業道路27號,,931173075,http://m.easycamp.com.tw/
雲霧灣灣,苗栗縣,大湖鄉,120.8282,24.38745,栗林村薑麻園9號,,900781080,https://cloudybay.130.com.tw/
山美學,苗栗縣,大湖鄉,120.874507,24.3645,武榮村 8 鄰坑美寮 39 之 5 號,,900377828,https://www.kkday.com/zh-tw/product/30331
老官道休閒農場,苗栗縣,大湖鄉,120.831408,24.348961,苗栗縣大湖鄉新開村5鄰新開12之1號,37951784,,https://www.facebook.com/sky951784/
薑麻露易,苗栗縣,大湖鄉,120.82261,24.38502,,48537358,,
一遊味境親子露營區,苗栗縣,大湖鄉,120.9005261,24.41210292,大南村反水3-6號,,921249177,https://www.facebook.com/enjoyforcamping
Coffee Industry｜Camp Sora露營區,苗栗縣,大湖鄉,120.844881,24.363631,竹橋20號,,979538823,https://www.campsora.com/
花香果樂,苗栗縣,大湖鄉,120.860817,24.37627,水流東路1之19號,,912750393,https://www.facebook.com/p/%E6%84%9B%E9%9C%B2%E7%87%9F-%E8%8A%B1%E9%A6%99%E6%9E%9C%E6%A8%82%E9%9C%B2%E7%87%9F%E5%8D%80-100076812488229/?locale=zh_TW
熊班長小團露,苗栗縣,大湖鄉,120.904233,24.420093,小南勢43號,,912380080,https://www.facebook.com/Bearscaptain/
夏綠地露營區,苗栗縣,大湖鄉,120.8818,24.38601,東興村小邦2鄰34-10號,,918360365,https://www.evergreen-glamping.com/?gad_source=1&gclid=EAIaIQobChMIo-jJ6MyvhwMVw1oPAh1nmSg3EAAYASAAEgKvAvD_BwE
天恩農莊畫家咖啡屋,苗栗縣,大湖鄉,120.85323,24.433139,芎蕉坑20號,37993472,912392679,https://www.facebook.com/TianEnNongZhuangHuaJiaKaFeiWu/
苗栗筑林居露營區,苗栗縣,大湖鄉,120.842077,24.418795,,,921978055,
福人居民宿,苗栗縣,大湖鄉,120.906707,24.412334,大南勢32-1號,,912379579,https://www.easycamp.com.tw/Store_2283.html
石門客棧休閒農場露營區,苗栗縣,大湖鄉,120.84489,24.363551,栗林村竹橋20號,,931193427,https://www.facebook.com/shimen.77/?locale=zh_TW
社寮角露營區,苗栗縣,大湖鄉,120.880664,24.427537,,,912861289,https://miaolicamping.simplybook.asia/v2/
禾森 Ichigo 露營區,苗栗縣,大湖鄉,120.899415,24.417942,苗栗縣大湖鄉大南村小南勢69-15號,,936244624,https://www.hosenichigo.com/
迎客山,苗栗縣,大湖鄉,120.90374,24.40994,大南村7鄰8之12號,,932283419,https://www.facebook.com/yingke2023
山之間,苗栗縣,大湖鄉,120.839522,24.362258,開村7鄰雙坑 27 號,,902313768,https://www.facebook.com/p/%E5%B1%B1%E4%B9%8B%E9%96%93-100064181708328/?locale=zh_TW&_rdr
四季非露不可 (豪華野營/一般營位),苗栗縣,大湖鄉,120.879301,24.374503,坪林道路八十之六號,,972607103,https://www.easycamp.com.tw/Store_1981.html
微笑山妍,苗栗縣,大湖鄉,120.89189,24.42768,大湖段 208-40地號,988128992,929995511,https://www.facebook.com/BeautifulCampingTW
天藍露營區,苗栗縣,大湖鄉,120.862229,24.37349,武榮村4鄰23-10號,,933545047,https://www.easycamp.com.tw/Store_2345.html
吾山居(原 瑪菈棒露營區),苗栗縣,大湖鄉,120.891401,24.371789,苗栗縣大湖鄉大寮村,,937591244,https://www.facebook.com/groups/2491691514414917/
馬拉邦渡假山莊,苗栗縣,大湖鄉,120.900113,24.364208,苗栗縣大湖鄉東興村上湖87號,37996889,,https://manapan.okgo.tw/
雲霧肖楠森林樹屋露營,苗栗縣,大湖鄉,120.83854,24.40152,苗栗縣大湖鄉細邦道23號,,903168958,https://www.facebook.com/greentrip2/?locale=zh_TW
Mele Hula 音樂之舞藝術露營區,苗栗縣,大湖鄉,120.814475,24.351082,新開村網形16-10號,,925688686,https://www.facebook.com/MeleHulacamping/
彩雲露螢谷露營區,苗栗縣,大湖鄉,120.871639,24.377595,武榮村坑美寮一鄰七號,,910195622,
祺立農場大獅露營區,苗栗縣,大湖鄉,120.892401,24.443636,苗栗縣大湖鄉苗62縣道2公里處,,928388056,https://0928388056.wixsite.com/camp
紮營趣,苗栗縣,大湖鄉,120.906456,24.4092,大南村8鄰 大南勢34-1號,,928196657,https://www.facebook.com/gocamp168/
嵐湖休閒農場,苗栗縣,大湖鄉,120.842326,24.360644,苗栗縣大湖鄉新開村7鄰雙坑27-1號,,928681629,https://www.facebook.com/aa0928681629/
大南之美露營區,苗栗縣,大湖鄉,120.908965,24.405162,苗栗縣大湖鄉大南村大南勢57號,,937502979,https://m.icamping.app/store/dnjm469
桃源山城,苗栗縣,大湖鄉,120.8233,24.38505,栗林村薑麻園16號,,952370882,https://www.facebook.com/p/%E6%A1%83%E6%BA%90%E5%B1%B1%E5%9F%8E%E9%9C%B2%E7%87%9F%E5%8D%80-100064001319973/
瑪那邦之星-蟲蟲生態營地,苗栗縣,大湖鄉,120.901205,24.368093,東興村12鄰上湖31號,,968241561,https://www.facebook.com/WINDandCLOUDcamping/?ref=bookmarks
彩雲親子露營區,苗栗縣,大湖鄉,,,,,,
東和露營區,苗栗縣,大湖鄉,120.8935569,24.38557077,苗栗縣大湖鄉東興村,424716284,,https://www.easycamp.com.tw/Store_2495.html
星光湖畔野奢露營區,苗栗縣,大湖鄉,120.78032,24.34825,,,981123320,
新美休閒農場,苗栗縣,大湖鄉,120.826306,24.384639,苗栗縣大湖鄉栗林村10鄰薑麻園8號,37951196,,http://yu-huo-yi-jing.mmweb.tw/?ptype=n2p
再露營露營區,苗栗縣,公館鄉,120.837872,24.48314867,福星村227-1 號,,911833908,
金滿山露營山莊,苗栗縣,公館鄉,120.859431,24.50503,苗栗縣公館鄉仁安村仁安219-1號,,932677646,https://www.facebook.com/%E9%87%91%E6%BB%BF%E5%B1%B1%E9%9C%B2%E7%87%9F%E5%B1%B1%E8%8E%8A-591426951021366/
劉緯軒,苗栗縣,公館鄉,120.84068,24.45856,,,911122328,https://www.facebook.com/bigmountain037
奈思寵物nice露營區,苗栗縣,公館鄉,120.86767,24.514052,南河村9鄰98-12號,,975884112,https://woodsecret.weebly.com/32879320972604124335.html
小日子露營區,苗栗縣,公館鄉,120.842031,24.540768,尖山74-1號,,918380365,https://www.simplelifecamp.com.tw/
衝到山上去放空,苗栗縣,公館鄉,120.839576,24.483024,福星村福星227-3號,,961398628,https://go2mountain.tw/
樹語星晴(北歐鐘型帳),苗栗縣,公館鄉,,,,,,
日旺休閒露營區,苗栗縣,公館鄉,120.886596,24.520092,18鄰北河186-3號,,910371234,https://www.facebook.com/RiWangCAMPING/
碳森林露營區,苗栗縣,公館鄉,120.886854,24.519324,尖山村8鄰196號,937876152,,https://www.facebook.com/campinforest2412/
童露人,苗栗縣,公館鄉,120.84274,24.54638,,,920019887,
樹語星晴露營區,苗栗縣,公館鄉,120.838909,24.483168,"福星村7鄰227之8號,",,938519835,https://www.facebook.com/AllanShen888
元點貓貍休閒莊園,苗栗縣,公館鄉,120.87505,24.49908,大坑村273之1號,,933532572,
綠野神農休閒民宿露營區,苗栗縣,公館鄉,120.845265,24.514763,苗栗縣公館鄉仁安村9鄰仁安122-28號,,912223458,http://www.luye2014.com/
大山清境露營區,苗栗縣,公館鄉,120.84132,24.45868,,,911122328,
築鄉霖露營區,苗栗縣,公館鄉,120.8224,24.49744,館南村206之1號,,975016966,https://www.easycamp.com.tw/Store_2057.html
跳跳城堡,苗栗縣,公館鄉,120.839407,24.483585,福星村福星7鄰227號,,912953255,https://www.facebook.com/dreamcastel888/
桃樂絲露營區,苗栗縣,公館鄉,120.841096,24.546198,尖山村尖山40號,,918380365,http://www.dorothycamp.com.tw/
拍片場,苗栗縣,公館鄉,120.849154,24.453391,開礦村開礦 26-26 號,,919664780,https://camping5261.epo.tw/
樹語星宇(北歐露營車）,苗栗縣,公館鄉,120.84528,24.4578,,,978317098,
橄欖莊園,苗栗縣,公館鄉,120.840672,24.458214,,222527966,,https://www.easycamp.com.tw/Store_2598.html
四方鮮乳休閒農場,苗栗縣,竹南鎮,120.892785,24.724204,崎頂里崎頂里12鄰東崎頂9-6號,37584743,,https://www.facebook.com/fourwaysranch/?locale=zh_TW
祕密花園露營區,苗栗縣,西湖鄉,120.78591,24.551592,苗栗縣西湖鄉金獅村茶亭6-1號,,937220911,https://m.icamping.app/store/xhmmhy093
湖櫻養生休閒農場,苗栗縣,西湖鄉,120.781347,24.556341,苗栗縣西湖鄉金獅村8鄰杜石地10號,,919580580,https://www.kongfu.com.tw/
悠閒時光小本營,苗栗縣,西湖鄉,120.765268,24.53081,五湖村16鄰216號,,915809965,https://www.facebook.com/people/%E6%82%A0%E9%96%92%E6%99%82%E5%85%89%E5%B0%8F%E6%9C%AC%E7%87%9F/100082581000395/
義芳農場,苗栗縣,西湖鄉,120.782454,24.541678,368苗栗縣西湖鄉11鄰9號,37920715,,https://www.yi-farm.com/
山林野地露營區,苗栗縣,卓蘭鎮,120.817855,24.333422,西坪里109-21號,,911118383,https://www.xiping.tw/
水玉妮光,苗栗縣,卓蘭鎮,120.81781,24.333517,苗栗縣卓蘭鎮西坪里109-21號,,911118383,https://hostel.url.com.tw/Mhome/showRoom/3375
有里日子露營區,苗栗縣,卓蘭鎮,120.818014,24.333217,西坪段 103-2地號,,905136782,https://www.facebook.com/Ulivingu/?locale=zh_TW
森日快樂露營區,苗栗縣,卓蘭鎮,120.8229518,24.33220929,西坪里西坪36之29號,,912962888,https://www.facebook.com/HBDCAMP/?locale=zh_TW
鳥阿舍家園,苗栗縣,卓蘭鎮,120.84895,24.35279,景山段 542地號,,928997347,
逸香園休閒莊園,苗栗縣,卓蘭鎮,120.876811,24.33202,坪林里坪林8鄰87號,222527966,916688120,https://www.easycamp.com.tw/Store_1702.html
Glamping Hygge Hill山野森活,苗栗縣,卓蘭鎮,120.832565,24.328285,苗栗縣卓蘭鎮西坪里3鄰西坪33-1號,425895858,,https://www.glampinghyggehill.com.tw/tw/about
自然圈農場,苗栗縣,卓蘭鎮,120.821362,24.332785,苗栗縣卓蘭鎮西坪里西坪36-20號,,928691919,https://www.facebook.com/lofiland/
漁光中露營區,苗栗縣,卓蘭鎮,120.83411,24.32566,,,955860868,
緣野營客,苗栗縣,卓蘭鎮,120.87626,24.33049,苗栗縣卓蘭鎮坪林里9鄰103號,,965118565,https://m.icamping.app/store/cyyk391
遇見露營區,苗栗縣,卓蘭鎮,120.85363,24.30494,369苗栗縣卓蘭鎮內灣130之1號,,922653917,
小森時光農場,苗栗縣,卓蘭鎮,120.847627,24.324903,西坪里2鄰10號東側,,921557116,https://www.facebook.com/jeandon1216/
代觀山湖畔農場露營區,苗栗縣,卓蘭鎮,120.84825,24.35233,苗栗縣卓蘭鎮景山119-3號,,928997347,https://www.facebook.com/daiguanshan.1962/?locale=zh_TW
寨酌然野奢莊園,苗栗縣,卓蘭鎮,120.8282217,24.3336076,苗栗縣卓蘭鎮西坪里43-20號,,989981285,http://modolcr.swmall.com.tw
小白屋農園,苗栗縣,卓蘭鎮,120.845573,24.317292,老庄17鄰147之15號,,935302257,https://www.easycamp.com.tw/Store_2437.html
頤生園,苗栗縣,卓蘭鎮,120.89141,24.32796,坪林里坪林99-9號,,931228080,https://www.facebook.com/p/%E9%A0%A4%E7%94%9F%E5%9C%92%E9%9C%B2%E7%87%9F%E5%8D%80-100088882152792/
林麗玲,苗栗縣,卓蘭鎮,120.8217,24.33526,,,921326936,
小巷清風,苗栗縣,卓蘭鎮,120.816004,24.337702,西坪里西坪109之8號1樓,,965610360,https://www.facebook.com/lealleyautocamp/
1961的星空,苗栗縣,卓蘭鎮,120.83541,24.32708,西坪里3鄰西坪27-1號,,976165235,
桃花源露營區,苗栗縣,卓蘭鎮,120.8890796,24.32959115,坪林里8鄰98號,425921072,,https://m.icamping.app/store/thy244
橘舍三食,苗栗縣,卓蘭鎮,120.828575,24.332853,西坪里西坪43-15號,,966511591,https://www.orangefarmhouse3.tw/
滝貓谷-山林漫遊渡假村,苗栗縣,卓蘭鎮,120.875938,24.342246,坪林25-1號,,928121677,https://www.facebook.com/longmaovalley25?mibextid=LQQJ4d
自然風情,苗栗縣,卓蘭鎮,120.781314,24.332446,苗栗縣卓蘭鎮西坪里西坪134之7號,425898080,,https://naturalview.tw/h/Index?key=v88kb
流壁下10.5k露營區,苗栗縣,卓蘭鎮,120.886233,24.324286,369苗栗縣卓蘭鎮坪林里 113之9號,,933413086,https://website-2574047208101526925132-campground.business.site/
東耕露營地,苗栗縣,卓蘭鎮,120.815432,24.332235,苗栗縣卓蘭鎮西坪里9鄰109-37號,,933865939,https://www.facebook.com/donggengcamping/
333露營區,苗栗縣,卓蘭鎮,120.841257,24.340288,雙連道路33之3號,,910567118,https://www.facebook.com/p/333%E9%9C%B2%E7%87%9F%E5%8D%80camping-100084316220737/?locale=zh_TW
松山露營區,苗栗縣,卓蘭鎮,120.820138,24.33074,苗栗縣卓蘭鎮松山農路,,938476970,
兩朵雲露營區,苗栗縣,卓蘭鎮,120.803805,24.336199,西坪125之3號,,937211579,
怡心園歡樂露營區,苗栗縣,卓蘭鎮,120.831594,24.332993,苗栗縣卓蘭鎮西坪里西坪4鄰43之6號,,911556301,https://www.facebook.com/gogoecu/
原高露營區,苗栗縣,南庄鄉,120.9739069,24.52271089,苗栗縣南庄鄉大湳,,958934936,https://m.icamping.app/store/yg705
紅毛印象露營窩,苗栗縣,南庄鄉,120.97533,24.54175,蓬萊村紅毛館五鄰66號,,937465062,https://www.easycamp.com.tw/Store_1644.html
杉彩露營區,苗栗縣,南庄鄉,120.975905,24.535679,"14之1號, 南庄鄉苗栗縣353",,,https://www.facebook.com/pages/category/Campground/%E6%9D%89%E5%BD%A9%E9%9C%B2%E7%87%9F%E5%8D%80-1204456929679182/
山川密境露營區,苗栗縣,南庄鄉,121.01898,24.59644,東江1鄰9號1鄰2-6號,,926955971,http://www.33camping.com/
南苑渡假莊園,苗栗縣,南庄鄉,120.99649,24.57504,苗栗縣南庄鄉南江村小東河21號,"37,821,850,037,825,700",,https://nanyuanmanor.com/
啊露吧Camping聖地,苗栗縣,南庄鄉,120.9774,24.557124,蓬萊村2鄰紅毛館35號,,911902992,https://www.facebook.com/p/%E5%95%8A-%E9%9C%B2%E5%90%A7Camping%E8%81%96%E5%9C%B0-ChinUp-Cafe-100076319873510/
河岸星空露營地,苗栗縣,南庄鄉,120.989845,24.58098,苗栗縣南庄鄉南江村小東河14鄰8-1號,,926218982,https://riverstar-camp.com/
半是青山半白雲露營區,苗栗縣,南庄鄉,120.974294,24.553886,苗栗縣南庄鄉蓬萊村3鄰紅毛館41號,,905293319,https://www.facebook.com/lordcamping/
南洋62之森(新百香農場民宿),苗栗縣,南庄鄉,120.997788,24.574045,南江村小東河23號,37821850,935292827,https://baeshi.com.tw/index.php/camping
有鬼露營區,苗栗縣,南庄鄉,121.025976,24.54064,苗栗縣南庄鄉東河村鹿場部落24鄰13-5號,37824232,,https://www.easycamp.com.tw/Store_2204.html
山居蘭園民宿,苗栗縣,南庄鄉,120.98835,24.61694,四灣77號,,978830968,https://bnb.many30.com/
一畝田(蓮花帳系列),苗栗縣,南庄鄉,120.973199,24.544092,篷萊村5鄰64-2號,,976281182,https://www.easycamp.com.tw/Store_2372.html
如是露營區,苗栗縣,南庄鄉,120.96846,24.53888,蓬萊村8鄰142-18號,,932155247,
仁心茶園露營區,苗栗縣,南庄鄉,121.021288,24.530059,苗栗縣南庄鄉東河村24鄰鹿場28號,,920486270,https://www.easycamp.com.tw/Store_2621.html
春友彩虹露營區,苗栗縣,南庄鄉,121.003761,24.612719,苗栗縣南庄鄉東村17 鄰 111 號,,966096816,https://www.easycamp.com.tw/Store_2207.html
德佬露營區,苗栗縣,南庄鄉,121.026963,24.538821,苗栗縣南庄鄉東河村鹿場,,933494641,https://www.facebook.com/pages/%E5%BE%B7%E4%BD%AC%E9%9C%B2%E7%87%9F%E5%8D%80/258660748010392
加里山登山口森林露營區,苗栗縣,南庄鄉,121.024822,24.527285,苗栗縣南庄鄉東河村鹿場24鄰19-20號,,938078265,https://www.facebook.com/%E5%8A%A0%E9%87%8C%E5%B1%B1%E7%99%BB%E5%B1%B1%E5%8F%A3%E6%A3%AE%E6%9E%97%E9%9C%B2%E7%87%9F%E5%8D%80-1793112290941021/
司焉慕,苗栗縣,南庄鄉,121.05386,24.59753,,,972109335,https://www.facebook.com/sym565/
裕見生活,苗栗縣,南庄鄉,121.006798,24.596533,南江村3鄰東江38之12號,37821188,,https://www.facebook.com/yumountainlife/
轉個彎露營,苗栗縣,南庄鄉,121.02042,24.53535,東河村鹿場24鄰19-12號,,982388928,https://m.icamping.app/store/jgw475
星星杉丘露營地,苗栗縣,南庄鄉,120.999995,24.570637,南江村14鄰小東河,,988020657,https://www.facebook.com/starshillcampsite/
慕木露營區,苗栗縣,南庄鄉,121.019076,24.53525,,,918530305,
星原谷露營區,苗栗縣,南庄鄉,120.997639,24.590222,南江村里金館8鄰25號,,937300250,https://starvalley.camp/
水與樹莊園,苗栗縣,南庄鄉,120.985779,24.566627,南江村18鄰長崎下9號,,966551665,https://www.facebook.com/watertreemanor/
知泉露營區,苗栗縣,南庄鄉,120.969189,24.538081,蓬萊村8鄰139號,37673877,921370718,http://campe.idv.tw/
清景農場,苗栗縣,南庄鄉,120.973743,24.559216,鄉蓬萊村紅毛館30號,37821040,,https://www.facebook.com/love.30camp.farm/
木堡樂親子休閒露營區,苗栗縣,南庄鄉,121.0121,24.63708,,,932667545,
鳳凰谷露營區,苗栗縣,南庄鄉,121.00631,24.6246,田美村7鄰田美125-1號,,912123414,https://m.icamping.app/store/nzfhg119
三角湖森系露營場,苗栗縣,南庄鄉,121.04745,24.59522,,,989080377,
日杉林露營區,苗栗縣,南庄鄉,121.0427,24.61614,苗栗縣南庄鄉東河村11鄰橫屏背8之1號,,930267311,https://www.facebook.com/sunsun.camping/
槌球趣露營區,苗栗縣,南庄鄉,120.988797,24.579055,南江20鄰21號,,934279132,https://www.facebook.com/groups/907749666900182/
田美虹橋露營區,苗栗縣,南庄鄉,121.010213,24.633804,苗栗縣南庄鄉員林獅頭山道23號,,937958121,https://www.facebook.com/twcampin/
拉瓦露營區,苗栗縣,南庄鄉,121.026629,24.539772,苗栗縣南庄鄉鹿場聯絡道路24鄰11號,,911819898,https://www.facebook.com/LawaCamp/
達喇改露營區,苗栗縣,南庄鄉,121.027433,24.538104,東河村24鄰鹿場部落內,925032115,938429121,https://www.facebook.com/dalagai/
陶然山莊,苗栗縣,南庄鄉,120.962299,24.535236,苗栗縣南庄鄉蓬萊村42份8-5號,37823015,,https://nzt.mmweb.tw/
岩岩露營區,苗栗縣,南庄鄉,120.998555,24.605269,353苗栗縣南庄鄉環清路25之1號,,933461465,https://m.facebook.com/0933461465ROCK/
河畔露營區,苗栗縣,南庄鄉,120.989704,24.580536,南江村14鄰小東河8-1號,935311353,988252939,https://m.icamping.app/store/njhp398
向天湖露營區,苗栗縣,南庄鄉,121.03141,24.57892,東河村向天湖17鄰18號,,935635716,https://www.campingmap.com.tw/listings/xiangtian-lake-campsite--miaoli-county
赫利豐岳,苗栗縣,南庄鄉,120.99321,24.60539,西村11鄰大屋坑32之6號,,986676099,
南庄林泉露營區,苗栗縣,南庄鄉,120.98688,24.57255,苗栗縣南庄鄉南江村17鄰福南30號,,953973153,https://camping.many30.com/
帆船村露營區,苗栗縣,南庄鄉,120.98844,24.57205,南江村南江8-1號,,901456988,
南山傳奇露營區,苗栗縣,南庄鄉,120.970857,24.525127,大湳連絡道路二,,910001542,https://www.easycamp.com.tw/Store_2208.html
初心露營區,苗栗縣,南庄鄉,120.9848,24.52995,,,985380799,https://www.facebook.com/people/%E5%88%9D%E5%BF%83%E9%9C%B2%E7%87%9F%E5%8D%80/100064075595487/
夢田莊園露營區,苗栗縣,南庄鄉,120.99696,24.635022,,,,
翰爸的家,苗栗縣,南庄鄉,120.96492,24.52105,蓬萊段1-2、1-3地號,,936454869,https://www.facebook.com/people/%E7%BF%B0%E7%88%B8%E7%9A%84%E5%AE%B6/100064162326554/
木偶精靈休閒農莊,苗栗縣,南庄鄉,120.993918,24.631237,苗栗縣南庄鄉南富村18村四灣47-17號,,921693380,https://camp.many30.com/
搭漾露營區,苗栗縣,南庄鄉,121.026089,24.539649,東河村24鄰鹿場13號,,919825527,https://www.facebook.com/kaotayal
蘿菈松靜露營區,苗栗縣,南庄鄉,121.04005,24.559846,東河村21鄰石壁22號,,966536037,https://m.icamping.app/store/llsj104
巴卡的天空,苗栗縣,南庄鄉,120.97198,24.52488,蓬萊村14大湳30-16號,,919655144,https://m.icamping.app/store/bkdtk079
哈洛客露營區,苗栗縣,南庄鄉,121.05214,24.6069,東河農路137號,,975024555,https://www.facebook.com/Hororok.camp/
南庄露露,苗栗縣,南庄鄉,120.983186,24.572404,苗栗縣南庄鄉南江村19鄰8-1號,,921666783,https://www.facebook.com/%E5%8D%97%E5%BA%84%E9%9C%B2%E9%9C%B2-x-Lulu-Camping-1440942022883508/
撒萬露營區,苗栗縣,南庄鄉,120.976019,24.522241,苗栗縣南庄鄉紅毛館14鄰30號,,938933900,https://m.icamping.app/store/sw426
吻吻 bun bun 露營區,苗栗縣,南庄鄉,121.02118,24.52895,苗栗縣南庄鄉東河村鹿場部落24鄰鹿場16號,37825785,915880427,https://www.facebook.com/people/%E5%90%BB%E5%90%BBbun-bun%E9%9C%B2%E7%87%9F%E5%8D%80/100063930373992/
川夏野奢露營區,苗栗縣,南庄鄉,120.9856,24.57387,南江村17鄰福南50-1號,37821595,938679221,
南庄山河苑露營區,苗栗縣,南庄鄉,120.98841,24.5756,南江村福南24-1號,,938263802,https://www.facebook.com/sunlightCamp/?locale=zh_TW
森露台野營場,苗栗縣,南庄鄉,121.04217,24.60464,,,921295867,
金達鹿,苗栗縣,南庄鄉,121.025806,24.534304,東河村向天湖17鄰18號,,925577189,https://www.facebook.com/p/%E5%90%91%E5%A4%A9%E6%B9%96%E9%9C%B2%E7%87%9F%E5%8D%80-61554982063718/
南庄麒麟山露營區,苗栗縣,南庄鄉,120.972262,24.522784,南江村小東河11號,,916062830,https://www.easycamp.com.tw/Store_2356.html
逍遙居山庄,苗栗縣,南庄鄉,121.018822,24.627894,苗栗縣南庄鄉獅山村150號之16,,975556333,http://play.many30.com/
日和山丘露營區,苗栗縣,南庄鄉,120.96791,24.53168,,,931535792,https://www.facebook.com/people/%E6%97%A5%E5%92%8C%E5%B1%B1%E4%B8%98%E9%9C%B2%E7%87%9F%E5%9C%B0-niniyama-camping/100054611462331/
鹿場斜坑民宿露營區,苗栗縣,南庄鄉,121.027733,24.54005,苗栗縣南庄鄉鹿場部落,,912619636,https://www.facebook.com/%E9%B9%BF%E5%A0%B4%E6%96%9C%E5%9D%91%E6%AF%94%E9%BB%9B%E9%9C%B2%E7%87%9F%E5%8D%80-1061412917230399/
長青露營區,苗栗縣,南庄鄉,120.987205,24.574007,苗栗縣南庄鄉南江村福南23鄰25-1號,,972297322,https://www.easycamp.com.tw/Store_1813.html
蓬萊灣露營區,苗栗縣,南庄鄉,120.985228,24.564221,南江村長崎下18鄰13之3,,966717287,https://www.easycamp.com.tw/Store_2411.html
星晨露營區,苗栗縣,南庄鄉,121.004749,24.633189,田美村12鄰四灣47之5號,,921102925,https://www.starmorning.com.tw/
秘境露營,苗栗縣,南庄鄉,120.984876,24.567925,,,937888266,https://www.facebook.com/%E7%A7%98%E5%A2%83%E9%9C%B2%E7%87%9Fpart2-1935412963350944/
食水窩露營區,苗栗縣,南庄鄉,121.027168,24.626368,苗栗縣南庄鄉獅山村7鄰5之6號,,928972876,https://www.easycamp.com.tw/Store_2203.html
松濤意境,苗栗縣,南庄鄉,120.99652,24.6105,田美村15鄰四灣90-1號,,919676258,https://www.facebook.com/%E6%9D%BE%E6%BF%A4%E6%84%8F%E5%A2%83%E9%9C%B2%E7%87%9F-1727374790815411/
南庄慢生活露營區,苗栗縣,南庄鄉,121.01842,24.61733,田美村4鄰72-6號,,922169700,https://www.easycamp.com.tw/Store_2321.html
上長崎露營區,苗栗縣,南庄鄉,120.985439,24.56426,南江村18鄰長崎下13之3號（此為商號所在地）,,966717287,
晨境森林,苗栗縣,南庄鄉,120.9757543,24.5515981,北獅里蓬萊村4鄰紅毛館46號,33243199,912071226,https://m.icamping.app/store/cjsl280
東風營地,苗栗縣,南庄鄉,120.978377,24.559088,苗栗縣南庄鄉蓬萊村2鄰24號,,910585224,https://www.facebook.com/profile.php?id=100063718124215
山窩露營地,苗栗縣,南庄鄉,121.01307,24.62614,獅山村田美22-3號,,935343130,https://www.facebook.com/%E5%B1%B1%E7%AA%A9-448965415308185/
高山青露營區,苗栗縣,南庄鄉,120.976026,24.52223,苗栗縣南庄鄉蓬萊村14鄰30號,,958934936,https://www.facebook.com/MountainsAreGreen/
森之奧,苗栗縣,南庄鄉,121.02566,24.58062,,,986054514,https://www.facebook.com/p/%E6%A3%AE%E4%B9%8B%E5%A5%A7-100089121821914/
雲境松林,苗栗縣,南庄鄉,120.971914,24.523248,蓬萊村大湳14鄰36號,,932094779,https://m.icamping.app/store/yjs495
星語軒渡假村,苗栗縣,南庄鄉,120.96363,24.53637,苗栗縣南庄鄉蓬萊村9鄰42份8號,37825359,,https://www.037825359.com.tw/
晴園山莊,苗栗縣,南庄鄉,120.987571,24.61477,南富村四灣76號,,988570855,https://www.facebook.com/sungardentrip/
六呆露營區,苗栗縣,南庄鄉,121.015367,24.608818,苗栗縣南庄鄉田美村,,906931657,http://www.sixfoolcamp.tw/
青杉嶴,苗栗縣,南庄鄉,121.040283,24.557089,苗栗縣南庄鄉東河村石壁23號,37821510,,https://www.facebook.com/Ao.cafe.BnB/
法愛露營區,苗栗縣,南庄鄉,121.025364,24.536712,東河村鹿場部落,,911770200,
旺角好望角露營區,苗栗縣,後龍鎮,120.73125,24.59762,苗栗縣後龍鎮中和里12鄰崎頂123之8號,37631166,,
好望角蕃薯園,苗栗縣,後龍鎮,120.731325,24.597341,苗栗縣後龍鎮中和里12鄰崎頂117號,37923953,,http://www.wkz.tw/
台灣水牛城,苗栗縣,後龍鎮,120.768068,24.587489,苗栗縣後龍鎮龍坑里17鄰十班坑181-11號,37732097,,https://www.732097.com.tw/
黃金好望角,苗栗縣,後龍鎮,120.763706,24.587727,,,920350365,http://www.goldenttcamp.com.tw/
藍天綠地露營區,苗栗縣,後龍鎮,120.764904,24.588187,苗栗縣後龍鎮福寧里頭湖6-2號,,952617157,https://www.facebook.com/bag1155/
杜石地一號,苗栗縣,苗栗市,120.7886,24.56623,苗栗縣苗栗市新英里1鄰新英9之1號,37375062,,https://www.facebook.com/DuShiDiNO1/
英台休閒牧場,苗栗縣,苗栗市,120.797161,24.560876,苗栗縣苗栗市新英27號,,921319464,https://www.facebook.com/%E8%8B%B1%E5%8F%B0%E4%BC%91%E9%96%92%E7%89%A7%E5%A0%B4-476556999176979/
盛格露營區,苗栗縣,苑裡鎮,120.740545,24.403902,,,932666974,https://m.facebook.com/yasugu2016
逸山露營,苗栗縣,苑裡鎮,120.730435,24.406035,,,931457202,
盛格（蕉埔）露營區,苗栗縣,苑裡鎮,120.74043,24.404344,苗栗縣苑裡鎮蕉埔里蕉埔1鄰3號,,932666974,https://www.facebook.com/yasugu2016/
揚昊休閒農場,苗栗縣,苑裡鎮,120.715933,24.414069,苗栗縣苑裡鎮蕉埔里8鄰蕉埔86-7號,37747711,,https://greenforest168.weebly.com/
珍愛-幸福親子手作露營趣,苗栗縣,苑裡鎮,120.738382,24.404758,1鄰7-2號,,975860756,
綠意山莊,苗栗縣,苑裡鎮,120.71534,24.41473,蕉埔里9鄰96之5號,37747711,911929611,https://www.greenforest.com.tw/
芬享露營區,苗栗縣,泰安鄉,120.909605,24.430484,5鄰47-25號,,906535556,https://m.icamping.app/store/fs009
高熊卡露營區,苗栗縣,泰安鄉,120.913357,24.4309,大興村4鄰59-3號,,966568125,https://m.icamping.app/store/gsk013
客泊樂野奢露營,苗栗縣,泰安鄉,120.913363,24.419939,,223702388,,https://www.kamper.land/zh-TW
水之悅休閒露營區,苗栗縣,泰安鄉,120.97425,24.385265,梅園12-9號,,916169822,https://www.facebook.com/p/%E6%B0%B4%E4%B9%8B%E6%82%85%E4%BC%91%E9%96%92%E9%9C%B2%E7%87%9F%E5%8D%80-100066862655492/
雲境露營區,苗栗縣,泰安鄉,120.919595,24.426828,大興村4鄰,,913309389,https://m.icamping.app/store/yj123
部落傳奇,苗栗縣,泰安鄉,120.949696,24.359076,象鼻村19-5號,,937705380,https://www.facebook.com/blcc523/?locale=zh_TW
司馬限雲端果園露營區,苗栗縣,泰安鄉,120.9484254,24.40646768,苗栗縣泰安鄉司馬限5鄰20號,,930697528,https://www.facebook.com/smxyd110/
樂沐絲莊園,苗栗縣,泰安鄉,120.926678,24.397055,苗栗縣泰安鄉司馬限林道,37995421,,https://www.facebook.com/Vacation.wuhuang/
友田坊營地,苗栗縣,泰安鄉,120.922167,24.443843,清安村洗水坑12鄰,,910922961,https://m.icamping.app/store/ytf272
秀山霧海,苗栗縣,泰安鄉,120.92845,24.42371,,,971775859,
水云山植物景觀休閒農場,苗栗縣,泰安鄉,120.9269566,24.42099527,高熊卡65號（清安豆腐街-清安國小-大坪部落-山居營地過後100公尺叉路-右轉往烏嘎彥-約300米右下即達）,,935228550,https://www.facebook.com/p/%E6%B0%B4%E4%BA%91%E5%B1%B1%E6%A4%8D%E7%89%A9%E6%99%AF%E8%A7%80%E4%BC%91%E9%96%92%E8%BE%B2%E5%A0%B4-100064117713428/
武嵐露營場,苗栗縣,泰安鄉,120.965613,24.484086,10鄰橫龍山64之36號,,926941836,https://m.icamping.app/store/wl138
撒力達露營區,苗栗縣,泰安鄉,120.961381,24.355065,苗栗縣泰安鄉象鼻村永安部落,,928973206,https://www.facebook.com/salida2016/
密式旅行,苗栗縣,泰安鄉,120.9137329,24.41882301,大興村高熊卡6號,,905108958,https://traiwan.com/official/booking.php?id=misstravel
泰安哈尼,苗栗縣,泰安鄉,120.918664,24.426951,,,922499273,https://m.icamping.app/store/tahn723
覓境露營區,苗栗縣,泰安鄉,120.94467,24.46389,錦水村圓墩34-1號,,932666103,https://www.facebook.com/tamj568/
景柏涵多露營區,苗栗縣,泰安鄉,120.90852,24.4442,,980779138,931640039,
瑪達法籟露營區,苗栗縣,泰安鄉,120.915019,24.429262,苗栗縣泰安鄉大興村5鄰48-1號,931482558,931482558,https://m.icamping.app/store/mdfl041
逸視界露營區,苗栗縣,泰安鄉,120.923857,24.4273,苗栗縣泰安鄉大興村3鄰63號旁,,921636063,https://m.icamping.app/store/ysj474
一定行露營區,苗栗縣,泰安鄉,120.9714876,24.36576788,,,975277351,
五隻小豬露營區,苗栗縣,泰安鄉,120.96335,24.47516,苗栗縣泰安鄉橫龍山段484號,,910988184,
漫天過海露營區,苗栗縣,泰安鄉,120.937254,24.38263773,,,982115054,https://www.facebook.com/theseaview
嗎哪露營區,苗栗縣,泰安鄉,120.913723,24.428815,苗栗縣泰安鄉大興村5鄰48號,,916306394,https://zh-tw.facebook.com/kk781302002
活林火現露營區,苗栗縣,泰安鄉,120.931866,24.388993,苗栗縣泰安鄉中興村長橋3鄰47 號,960986011,972536300,https://www.facebook.com/lokahfire/
目上景露營區,苗栗縣,泰安鄉,120.915256,24.427899,大興村5鄰,,920464715,https://www.facebook.com/hpy1007/
伊夕尚露營區,苗栗縣,泰安鄉,120.96474,24.475346,泰安鄉斯瓦細格部落 往橫龍古道方向,,930893156,https://m.icamping.app/store/yss392
雲中漫步露營區,苗栗縣,泰安鄉,120.91486,24.41797,大興村高熊卡二鄰6之5號,,983084587,https://www.facebook.com/people/%E9%9B%B2%E4%B8%AD%E6%BC%AB%E6%AD%A5/61554617978494/
鑽石林,苗栗縣,泰安鄉,120.919896,24.427447,大興村高熊卡4鄰61-16號,,910270025,https://www.facebook.com/emdfcamp/
日月山河露營區,苗栗縣,泰安鄉,120.91155,24.40953,,,936216609,
司馬限山嵐露營區,苗栗縣,泰安鄉,120.950412,24.40564,中興村5鄰司馬限部落,,919675272,https://m.icamping.app/store/smsl498
原心小團露,苗栗縣,泰安鄉,120.91121,24.42857,高熊峠45-9號,,978508351,https://m.icamping.app/store/ys509
阿麗露營區,苗栗縣,泰安鄉,120.914173,24.42516,大興村5鄰38號,,927525033,https://m.icamping.app/store/al198
苗栗泰安UP 露營區,苗栗縣,泰安鄉,120.915978,24.448718,清安村洗水坑93-10號,222527966,908199101,https://www.easycamp.com.tw/Store_1720.html
嶺秀休閒露營區景觀民宿,苗栗縣,泰安鄉,120.9556056,24.39181741,梅園村2鄰66之23號,,921184718,https://www.facebook.com/ls536/?locale=zh_TW
日光角落,苗栗縣,泰安鄉,120.929911,24.45337,錦水村半天寮3鄰45之5號(請地圖搜尋:清安國小 在沿途至營區),,936902979,
瑪都安營地,苗栗縣,泰安鄉,,,,,,
桂竹柿家,苗栗縣,泰安鄉,120.967238,24.357206,象鼻村永安445-13號,,905510881,https://m.icamping.app/store/gjsj479
古道秘境露營區,苗栗縣,泰安鄉,120.967104,24.484341,苗栗縣泰安鄉苗62線11.5公里處左轉,,936052352,https://m.icamping.app/store/gdmj080
翔雲露營區,苗栗縣,泰安鄉,120.911806,24.407806,南灣路8鄰8號,,928587798,https://campground-803.business.site/
KK露營區,苗栗縣,泰安鄉,120.95779,24.37712,,,920632570,
泰安王子小豬仔露營區,苗栗縣,泰安鄉,120.911509,24.432047,大興村高熊卡3鄰381號-1,,913686666,https://m.icamping.app/store/wts372
雪松大砲露營區,苗栗縣,泰安鄉,120.9852043,24.39952062,,,900537123,https://campground-1381.business.site/
騰龍山莊,苗栗縣,泰安鄉,120.966442,24.466204,苗栗縣泰安鄉橫龍山5號,37941002,,https://www.teng-long.com.tw/
俊景山秀露營區,苗栗縣,泰安鄉,120.92651,24.34321,,,931550059,
翩翩泰安,苗栗縣,泰安鄉,120.936459,24.470141,錦水村11鄰圓墩86之6號,37941099,,https://www.ppta.com.tw/home.php
晨風露營區,苗栗縣,泰安鄉,120.931563,24.34377,馬拉邦62號,,935138409,https://m.facebook.com/%E6%99%A8%E9%A2%A8%E9%9C%B2%E7%87%9F%E5%8D%80-487469331646316/
夏特義露營區,苗栗縣,泰安鄉,120.918903,24.42336,大興村高熊卡4鄰57-5號,912690315,933190209,https://www.facebook.com/hongsan.siyat/
好自在露營區,苗栗縣,泰安鄉,120.918069,24.42313,大興村四鄰57號,,927506819,https://m.icamping.app/store/hzz108
露宿山靓,苗栗縣,泰安鄉,120.93177,24.34648,,,958722999,
享露菲菲露營區,苗栗縣,泰安鄉,120.9201301,24.42294781,四鄰57號,911121739,903122723,https://www.facebook.com/p/%E4%BA%AB%E9%9C%B2%E8%8F%B2%E8%8F%B2%E9%9C%B2%E7%87%9F%E5%8D%80-61552271443995/
瑞娜京霖露營場,苗栗縣,泰安鄉,120.94018,24.39604,,,989412147,
天晴野舍,苗栗縣,泰安鄉,120.926715,24.366567,,,932508071,https://www.facebook.com/people/%E5%A4%A9%E6%99%B4%E9%87%8E%E8%88%8D/100080777703197/
快樂露營區,苗栗縣,泰安鄉,120.9186795,24.42636619,高熊卡4鄰60號,,906606733,https://m.icamping.app/store/hap489
徠悠露營區,苗栗縣,泰安鄉,120.9621,24.34634,,,928969477,
明瓦南露營區,苗栗縣,泰安鄉,120.957694,24.39194,梅園村1鄰16號,934267416,931616425,https://m.icamping.app/store/mwn461
馬莎力里露營場,苗栗縣,泰安鄉,120.935213,24.401024,,,,
烏嘎彥景觀休閒露營區,苗栗縣,泰安鄉,120.923586,24.421662,高熊卡3鄰63-10號,,970682603,https://www.u-kayan.com/
咖啦灣露營區,苗栗縣,泰安鄉,120.9468341,24.46357982,苗栗縣泰安鄉錦水村7鄰圓墩60-9號,,988506821,https://m.facebook.com/profile.php?id=100054239330380
浮岸別境,苗栗縣,泰安鄉,120.938598,24.407581,中興村5鄰司馬限19號,,961177839,https://asiayo.com/zh-tw/view/tw/miaoli-county/44639/
那那布荷露營區,苗栗縣,泰安鄉,120.919428,24.424672,苗栗縣泰安鄉高熊卡4鄰60-1號,,919366476,https://www.facebook.com/nnbh070/
田度550露營區,苗栗縣,泰安鄉,120.918887,24.446845,清安村洗水坑103-2號,437058689,963585681,https://farm550.mmweb.tw/
雲朵朵露營區,苗栗縣,泰安鄉,120.926523,24.442494,清安村腦寮庄2號,,921926985,https://www.facebook.com/cloud2015/
香水花源露營場,苗栗縣,泰安鄉,120.91225,24.43029,,,931214944,
尤法艾露營區,苗栗縣,泰安鄉,120.90972,24.42774,,,912007883,
石水坊露營區,苗栗縣,泰安鄉,120.927924,24.417455,苗栗縣泰安鄉清安村8鄰182號,,928994997,https://zh-tw.facebook.com/pages/category/Campground/%E7%9F%B3%E6%B0%B4%E5%9D%8A-475154232579261/
泰安仙境露營區,苗栗縣,泰安鄉,120.9356278,24.41987826,苗栗縣泰安鄉清安村8鄰,972140993,953863199,https://zh-tw.facebook.com/%E6%B3%B0%E5%AE%89%E4%BB%99%E5%A2%83%E7%A7%81%E4%BA%BA%E5%BA%A6%E5%81%87%E6%9C%83%E6%89%80-192222061189399/
莎酷菈露營區,苗栗縣,泰安鄉,120.976076,24.403008,司馬限林道苗61縣,,934485621,https://m.icamping.app/store/skl428
布耶特景觀營地,苗栗縣,泰安鄉,120.924102,24.421009,大興村3鄰烏嘎彥,,912007883,https://m.icamping.app/store/0912007883
哈撒山莊,苗栗縣,泰安鄉,120.915727,24.425484,大興村4鄰58號,,922499273,https://m.icamping.app/store/hssj021
瑪亞鸞露營區,苗栗縣,泰安鄉,120.9303194,24.49226988,八卦村3鄰,,928617427,https://m.icamping.app/store/myl058
田度375之一露營場,苗栗縣,泰安鄉,120.91698,24.4441,,,930934996,
山語林露營區,苗栗縣,泰安鄉,120.91591,24.43054,,,916412336,
象之旅露營區,苗栗縣,泰安鄉,120.950493,24.358176,象鼻1鄰34號,,930079075,https://m.icamping.app/store/sjl366
虎山溫泉會館,苗栗縣,泰安鄉,120.9404775,24.46861988,苗栗縣泰安鄉錦水村圓墩73-1號,37941001,,http://hushan-hotspring.com.tw/
的貴露營區,苗栗縣,泰安鄉,120.9636468,24.35353418,象鼻村3鄰永安17號,,985752547,https://zh-tw.facebook.com/dg535/
司馬限 360 度景觀露營區,苗栗縣,泰安鄉,120.947534,24.406734,中興村5鄰18之10號,,978453730,https://m.icamping.app/store/smhck263
基哥那裡,苗栗縣,泰安鄉,120.9219103,24.41923933,,,905250393,
云仙谷休閒露營區,苗栗縣,泰安鄉,120.9362027,24.45161298,苗栗縣泰安鄉清安村10鄰腦寮庄15號,,937096333,https://m.icamping.app/store/yxgxj204
都瑪斯民宿,苗栗縣,泰安鄉,120.9692478,24.3839094,苗栗縣泰安鄉梅園村1鄰梅園12-1號,37962102,,
按個讚露營場,苗栗縣,泰安鄉,120.980835,24.389377,苗栗縣泰安鄉天狗部落,,907689551,https://www.facebook.com/p/%E6%84%9B%E9%9C%B2%E7%87%9F-%E6%8C%89%E5%80%8B%E8%AE%9A%E9%9C%B2%E7%87%9F%E5%8D%80-61552140174562/
星光山岳露營驛站,苗栗縣,泰安鄉,120.9717444,24.38906545,苗栗縣泰安鄉梅園村2鄰38-1號,,935302658,https://www.facebook.com/starymountain/
風露營,苗栗縣,泰安鄉,120.931013,24.34391763,苗栗縣泰安鄉馬那邦64號,37263019,918962000,https://wind-camping.com/
鷹的故鄉,苗栗縣,泰安鄉,120.918309,24.421526,大興村4鄰57-9號,,911121739,https://m.icamping.app/store/ydgx127
想當年露營區,苗栗縣,泰安鄉,120.9185867,24.38734327,苗栗縣泰安鄉苗61線中興村（往馬拉邦山登山口）,,988280760,https://www.facebook.com/miaoli.taian.in.those.days/
放牛吃草露營區,苗栗縣,泰安鄉,120.916261,24.427021,苗栗縣泰安鄉大興村高熊卡4鄰61-8號,,910989895,https://www.facebook.com/camp0401/
小牛露營區,苗栗縣,泰安鄉,120.9184816,24.41863544,大興村高熊卡4鄰57-13號,,921916805,https://m.icamping.app/store/xn190
綠野雲仙露營區,苗栗縣,泰安鄉,120.911474,24.432035,第5鄰高熊卡47之18號,,981776158,https://m.icamping.app/store/lyyx075
麥露瘋露營區,苗栗縣,泰安鄉,120.967787,24.384495,一鄰,,910516881,https://www.facebook.com/mlf5555/
原始原味露營區,苗栗縣,泰安鄉,120.9105529,24.4299293,,,975862569,https://m.icamping.app/store/ysyw261
山居營地,苗栗縣,泰安鄉,120.92881,24.418531,清安村洗水坑大坪部落,,920317395,https://www.facebook.com/josh6273/
沐上景,苗栗縣,泰安鄉,,,,,,
山頂動人,苗栗縣,泰安鄉,120.937113,24.418555,,910937965,905153580,https://www.facebook.com/p/%E5%B1%B1%E9%A0%82-%E5%8B%95%E4%BA%BA%E5%85%8D%E8%A3%9D%E5%82%99%E9%9C%B2%E7%87%9F-61554011390816/
達度垡露營區,苗栗縣,泰安鄉,120.917757,24.383924,苗栗縣泰安鄉2鄰22號之5,,903122723,https://www.facebook.com/p/%E9%81%94%E5%BA%A6%E5%9E%A1%E9%9C%B2%E7%87%9F%E5%8D%80-100064087118085/
柏里紅,苗栗縣,泰安鄉,120.980594,24.402911,,,930305582,https://www.facebook.com/65.plihum
葳達露營區,苗栗縣,泰安鄉,120.9677144,24.35541423,象鼻村麻必浩部落,,965667721,
山視界露營區,苗栗縣,泰安鄉,120.921305,24.430445,清安村小南角5鄰40-3號,,905329633,https://m.icamping.app/store/ssj211
有bear來 休閒露營區,苗栗縣,泰安鄉,120.9443,24.45058,29之5號,,970993311,
露也楓情 (羽楓區),苗栗縣,泰安鄉,120.9146246,24.43008484,大興村部落,,989183989,https://m.icamping.app/store/lyfc017
杉行旅居露營區,苗栗縣,泰安鄉,120.98075,24.40254,,,911002762,https://www.facebook.com/65.camping/
豐之優露營區,苗栗縣,泰安鄉,120.922811,24.444507,12鄰109之12號,,910922961,https://m.icamping.app/store/fcy256
二本松露營區,苗栗縣,泰安鄉,120.979766,24.40277,苗栗縣泰安鄉司馬限林道14K又150m處叉路右轉,,978382602,https://www.facebook.com/JCZNog/
蘇彥露營場,苗栗縣,泰安鄉,120.91278,24.40782,,,966156518,
遊牧民族露營區,苗栗縣,泰安鄉,120.914215,24.429235,苗栗縣泰安鄉大興村5鄰高熊卡47-6號,,980850330,https://m.icamping.app/store/ymmz011
高腳屋草莓園,苗栗縣,泰安鄉,120.93268,24.429405,苗栗縣泰安鄉8鄰193號,,926653912,https://zh-tw.facebook.com/pages/category/Travel-Company/%E9%AB%98%E8%85%B3%E5%B1%8B%E8%8D%89%E8%8E%93%E5%9C%92-343987258964914/
逢雲露營區,苗栗縣,泰安鄉,120.95543,24.390949,梅園村2鄰66-25號,,933458305,https://m.icamping.app/store/fy374
望幽嵐露營區,苗栗縣,泰安鄉,120.92215,24.34381,,,979375501,
五鄰休閒露營區,苗栗縣,泰安鄉,120.911296,24.429078,5鄰42號,,936104346,https://m.icamping.app/store/wlxj197
黃熊部落,苗栗縣,泰安鄉,120.909311,24.419086,大興村2鄰12-2號,,975089909,https://m.icamping.app/store/hxbl090
一線天,苗栗縣,泰安鄉,120.922098,24.389673,中興村中象道路3鄰,,917288771,https://m.icamping.app/store/yxt199
沐嵐語 Camping 露營區,苗栗縣,泰安鄉,120.910023,24.429006,大興村高熊卡389-2號,,968268810,https://m.icamping.app/store/mly561?fs=e&s=cl
思穀汗 Skuhan 休閒露營區,苗栗縣,泰安鄉,120.924581,24.388264,中興村長橋三鄰33之5號,,934228525,https://m.icamping.app/store/skh096
花石間景觀露營區,苗栗縣,泰安鄉,120.916906,24.420346,,,933152018,https://www.facebook.com/hu.yu.daughter/
清安樹坪露營區,苗栗縣,泰安鄉,120.937439,24.427989,苗栗縣泰安鄉清安村8鄰洗水坑170號,,928185340,https://www.easycamp.com.tw/Store_2358.html
馬嘟溪露營基地,苗栗縣,泰安鄉,120.917892,24.444765,苗栗縣泰安鄉清安村洗水坑114之9號,,955343555,https://www.easycamp.com.tw/Store_974.html
老古董民宿露營區,苗栗縣,泰安鄉,120.930592,24.431956,苗栗縣泰安鄉清安村洗水坑141-2號,,921941055,https://m.icamping.app/store/lkt266
美富安松林溪露營區,苗栗縣,泰安鄉,120.9627855,24.35402086,象鼻村永安33之6號,,985480173,https://m.icamping.app/store/mfa015
象鼻休閒山莊,苗栗縣,泰安鄉,120.9448419,24.36190739,象鼻村1鄰9-3號,,912948440,https://m.icamping.app/store/sb531
洗水山露營區,苗栗縣,泰安鄉,120.940675,24.442003,清安村腦寮庄31-18號,,919673263,https://m.icamping.app/store/sss014
忘憂小築休閒俱樂部,苗栗縣,泰安鄉,120.91985,24.42924,小南角66之2號,,923989988,http://www.wangucamping.com/
悠然之地,苗栗縣,泰安鄉,120.96575,24.35662,苗栗縣泰安鄉麻必浩部落,910101919,905857501,https://www.facebook.com/people/%E6%82%A0%E7%84%B6%E4%B9%8B%E5%9C%B0%E9%9C%B2%E7%87%9F%E5%8D%80/61560607550062/
云心園,苗栗縣,泰安鄉,120.978799,24.393672,梅園段 357-2地號,928818207,963586237,https://m.icamping.app/store/ysy646
天狗好地方露營區,苗栗縣,泰安鄉,120.976992,24.389513,梅園村4鄰天狗7之6號,,912616440,https://www.facebook.com/goodcamp928/?locale=zh_TW
耀婆山露營區,苗栗縣,泰安鄉,120.91196,24.43502,,,978826989,
上巴爺爺露營區,苗栗縣,泰安鄉,120.967172,24.470967,苗栗縣泰安鄉橫龍山9鄰44號,,985166651,https://m.icamping.app/store/sby488
星樂親子露營,苗栗縣,泰安鄉,120.950429,24.501907,苗栗縣泰安鄉八卦村4鄰68號,,912553259,https://www.facebook.com/%E6%98%9F%E9%9C%B2%E8%BE%B2%E5%A0%B4-500634636811790/
楓李小棧露營區,苗栗縣,泰安鄉,120.918613,24.42615,大興村4鄰61-7號,,919366476,https://m.icamping.app/store/flxz078
露也楓情 (羽松區),苗栗縣,泰安鄉,120.91747,24.42689,苗栗縣泰安鄉大興村4鄰59-3號,,989183989,https://m.icamping.app/store/lyfc017
ㄠ嶩民宿露營,苗栗縣,泰安鄉,120.965957,24.388839,苗栗縣泰安鄉梅園村2鄰23號,37962128,919827190,http://aw-naw.emiaoli.tw/?ptype=info
朵悠露營區,苗栗縣,泰安鄉,120.9263157,24.34952945,士林村33-1號,,919042744,https://www.easycamp.com.tw/Store_2338.html
虹杉露營區,苗栗縣,泰安鄉,120.917883,24.422508,苗栗縣泰安鄉大興村高熊卡4鄰57-5號,,933190209,https://www.facebook.com/hongsan.siyat/
一片天露營區,苗栗縣,泰安鄉,120.953718,24.502616,八卦村4鄰69-1號,222527966,930134053,https://www.easycamp.com.tw/Store_931.html
寬闊露營區(狩獵帳),苗栗縣,泰安鄉,120.965315,24.386512,梅園部落梅園段1171地號,,955322383,
土牧驛健康農莊,苗栗縣,泰安鄉,120.9453562,24.49309629,八卦村4鄰八卦力59-3號,,975191187,https://tumuyi.com.tw/
阿水泊露營區,苗栗縣,泰安鄉,120.96486,24.482718,10鄰橫龍山64之36號,,937242921,https://www.facebook.com/asb539/
南灣蹓蹓,苗栗縣,泰安鄉,120.912265,24.412225,大興村南灣6鄰34號,,982285343,https://m.icamping.app/store/nwll501
川林休閒露營區,苗栗縣,泰安鄉,120.933342,24.345599,苗栗縣泰安鄉士林村6鄰馬那邦45之1號 365,,920106604,https://reurl.cc/anZybQ
瑪都安露營區,苗栗縣,泰安鄉,120.9258488,24.44046066,苗栗縣泰安鄉清安村洗水坑118號,,937721836,https://www.easycamp.com.tw/Store_2060.html
瓦浪露谷營地,苗栗縣,泰安鄉,120.9803062,24.39146809,苗栗縣泰安鄉梅園村天狗19號,,933550953,https://tw-camping.tw/hotel_info.asp?hid=223
藍天嶺露營區,苗栗縣,泰安鄉,120.923971,24.420295,大興村5鄰45號,905084172,915880427,https://www.easycamp.com.tw/Store_1743.html
烏客藍小團露,苗栗縣,泰安鄉,120.92425,24.41998,,,988324029,
薆繞原山營地露營場,苗栗縣,泰安鄉,120.961004,24.359936,麻必浩段 802-1地號,37962176,910586013,https://www.facebook.com/ar693/
樂野山境,苗栗縣,泰安鄉,120.98328,24.395947,,,987006488,
尤巴斯露營區,苗栗縣,泰安鄉,120.9110226,24.42984413,大興村五鄰高熊卡45號,,988638901,https://m.icamping.app/store/ybs196
瞭望角景觀民宿露營區,苗栗縣,泰安鄉,120.921704,24.429458,苗栗縣泰安鄉清安村3鄰小南角66號,,963929707,https://www.facebook.com/gocamping520/
亞哇斯露營區,苗栗縣,泰安鄉,120.938472,24.489303,八卦村3鄰53號,,938263609,https://m.icamping.app/store/yws062
星野天空露營區,苗栗縣,泰安鄉,120.921059,24.429228,小南角3鄰66之1號,,936824777,https://www.camptrip.com.tw/camp/%E6%98%9F%E9%87%8E%E5%A4%A9%E7%A9%BA/
自家烘焙咖啡休閒農場,苗栗縣,通霄鎮,120.740692,24.421165,苗栗縣通霄鎮福興里9鄰福興101之11號,,932552997,
萬家燈伙,苗栗縣,通霄鎮,120.7285939,24.47972897,圳頭里2鄰圳頭23-6號,,989823932,
通霄三合院農庒｜苗栗露營區、三合院民宿,苗栗縣,通霄鎮,120.697586,24.532299,,,986079105,https://www.facebook.com/Sunheryou/
飛螢農莊,苗栗縣,通霄鎮,120.743304,24.411652,苗栗縣通霄鎮福興里11鄰126號,,975783371,https://www.facebook.com/Firefly037783371/
山峰點伙露營區,苗栗縣,通霄鎮,120.728118,24.479378,圳頭里2鄰圳頭23之6號,,981443382,https://www.facebook.com/mountainfirecamping/
慢慢桐霄,苗栗縣,通霄鎮,120.74602,24.43263,,,987723296,
飛牛牧場休閒農場,苗栗縣,通霄鎮,120.741934,24.440693,苗栗縣通霄鎮南和里166號,37782999,921286058,https://www.flyingcow.com.tw/room/ins.php?index_id=3
藍鵲休閒農場,苗栗縣,通霄鎮,120.721738,24.446646,苗栗縣通霄鎮南和里111號,37783790,,http://www.flyscoot.com/index.php/zhtw/promo-fares-tw.html?utm_source=ex_tw&utm_medium=fb_offers&utm_campaign=070113_33_off_promocode_scootbiz
月山谷MoonShine Valley,苗栗縣,造橋鄉,120.90247,24.61316,大龍村石椿臼6-6號,,926745072,https://www.facebook.com/people/%E6%9C%88%E5%B1%B1%E8%B0%B7MoonShine-Valley/61550697992305/
山Chill,苗栗縣,造橋鄉,120.869007,24.605059,平興村五鄰塩菜坑2-5號 (萬緣寺往前200公尺),,910901661,https://www.mountainchillglamping.com/
橘園山谷,苗栗縣,獅潭鄉,120.93431,24.55056,苗栗縣獅潭鄉永興村10鄰9號,917522818,936532846,https://m.icamping.app/store/jysg719
山田露營區,苗栗縣,獅潭鄉,120.920068,24.535913,新店村12鄰151-7號,909805271,926327273,https://www.facebook.com/p/%E5%B1%B1%E7%94%B0%E9%9C%B2%E7%87%9F%E5%8D%80-100076816304188/
窩野鄉趣露營區,苗栗縣,獅潭鄉,120.903621,24.468279,桂竹林段363-498、363-849地號,,933732875,https://www.facebook.com/camp0001/
木盈朵莊園,苗栗縣,獅潭鄉,120.9098,24.47002,竹木村11份四12號,,937789412,https://www.facebook.com/p/%E6%9C%A8%E7%9B%88%E6%9C%B5%E8%8E%8A%E5%9C%92-100083420616997/
聽見你的回憶-休閒雲莊,苗栗縣,獅潭鄉,120.901219,24.466442,35443苗栗縣獅潭鄉竹木村大興窩20-7號,,932676363,https://holiday-park-111.business.site/
17 杉境露營休閒農場,苗栗縣,獅潭鄉,120.904771,24.513554,和興村14鄰38-1號,,932067690,http://www.freeway3.com.tw/
大坪左岸露營區,苗栗縣,獅潭鄉,120.937333,24.571607,苗栗縣獅潭鄉百壽村1鄰大坪6號,,932150066,https://www.facebook.com/%E5%A4%A7%E5%9D%AA%E5%B7%A6%E5%B2%B8%E9%9C%B2%E7%87%9F%E5%8D%80-116551405595024/
小岔路露營區,苗栗縣,獅潭鄉,120.903268,24.513055,苗栗縣獅潭鄉和興39-1號,,972738095,https://www.facebook.com/AMY7201/
鹽水頭露營區,苗栗縣,獅潭鄉,120.914241,24.478457,苗栗縣獅潭鄉塩水13鄰36之1號,,953932858,https://www.facebook.com/watercamping/
辰采居,苗栗縣,獅潭鄉,120.90659,24.47412,,,913302737,
竹木村露營區,苗栗縣,獅潭鄉,120.901166,24.465008,竹木村大興窩8鄰20-10號,,986592083,
呼啦莊園,苗栗縣,獅潭鄉,120.936405,24.5612619,永興村下大窩2之1號,37931928,987266845,https://www.hulagarden.com/
逐露獅潭露營區,苗栗縣,獅潭鄉,120.9395,24.5191,苗66鄉道,905063349,,https://m.facebook.com/%E9%80%90%E9%9C%B2%E7%8D%85%E6%BD%AD%E9%9C%B2%E7%87%9F%E5%8D%80-839794689433691/
貓頭鷹生態休閒農場,苗栗縣,獅潭鄉,120.926918,24.55149,苗栗縣獅潭鄉永興村11鄰14-6號,37931323,,
巧遇露營區,苗栗縣,獅潭鄉,120.87576,24.49803,新豐村八角坑34號,,979352337,https://m.icamping.app/store/qy182
國王的移動城堡生態露營區,苗栗縣,獅潭鄉,120.937351,24.515788,苗栗縣獅潭鄉新店村18鄰大東勢50號,,989790970,https://www.facebook.com/%E5%9C%8B%E7%8E%8B%E7%9A%84%E7%A7%BB%E5%8B%95%E5%9F%8E%E5%A0%A1-%E7%94%9F%E6%85%8B%E9%9C%B2%E7%87%9F%E5%8D%80-490379858149033/
竹木村(大興窩)露營區,苗栗縣,獅潭鄉,120.901422,24.465658,竹木村大興窩8鄰20-10號,,986592083,https://m.icamping.app/store/jmc335
思情華意露營區,苗栗縣,獅潭鄉,120.963225,24.583,354苗栗縣獅潭鄉大銑櫃18號,,915393831,
韋家莊,苗栗縣,獅潭鄉,120.901351,24.465242,苗栗縣獅潭鄉竹木村8鄰大興窩20-2號,,926888003,https://www.facebook.com/888888jack/
柚香露露,苗栗縣,銅鑼鄉,120.806215,24.531086,朝陽村朝北1號,,900618279,https://www.yioauchamp.tw/
坐忘草堂,苗栗縣,銅鑼鄉,120.800392,24.443116,苗栗縣銅鑼鄉盛隆村盛隆5鄰45-20號,,923183287,https://www.easycamp.com.tw/store/store_index/2559
紫鳶山城-奢華露營區,苗栗縣,銅鑼鄉,120.80399,24.4459,,,935431193,
依杉林秘境,苗栗縣,銅鑼鄉,120.80592,24.423506,苗栗縣銅鑼鄉新隆村新隆35-1號,,911196484,https://www.facebook.com/K0911196484/
黃金梯田露營地,苗栗縣,銅鑼鄉,120.7770542,24.47020072,九湖村92之5號,,966433458,https://www.facebook.com/goldenterraces925/?locale=zh_TW
山野戀露營區,苗栗縣,銅鑼鄉,120.833429,24.422142,新隆村11-5號,,933674710,https://www.facebook.com/people/%E5%B1%B1%E9%87%8E%E6%88%80%E9%9C%B2%E7%87%9F%E5%8D%80/100057059636678/
風山雅筑露營區,苗栗縣,銅鑼鄉,120.801798,24.442061,苗栗縣銅鑼鄉盛隆村 5 鄰盛隆 45-18號,,912856602,https://www.royalcastle.com.tw/
山上的家露營區,苗栗縣,銅鑼鄉,120.803713,24.433878,盛隆村盛隆65之1號,,933460613,https://www.facebook.com/%E5%B1%B1%E4%B8%8A%E7%9A%84%E5%AE%B6-1488129681475953/
蝸居營地,苗栗縣,銅鑼鄉,120.79874,24.41753,新隆村新隆138-5號,,980101388,https://www.facebook.com/people/%E8%9D%B8%E5%B1%85%E7%87%9F%E5%9C%B0/100083559632927/
自由休閒農場(苗栗自由農場),苗栗縣,銅鑼鄉,120.8359376,24.44226395,苗栗縣銅鑼鄉光隆村193-1號,,977738733,https://www.easycamp.com.tw/Store_2183.html
鹿廚坑築夢園露營區,苗栗縣,頭份市,120.890795,24.652334,廣興路380巷6鄰142之1號,,919695215,https://www.facebook.com/p/%E9%B9%BF%E5%BB%9A%E5%9D%91%E7%AF%89%E5%A4%A2%E5%9C%92%E9%9C%B2%E7%87%9F%E5%8D%80-100063918160442/
叢林開始懶人露營區Glamping,苗栗縣,頭屋鄉,120.888077,24.582386,明德村仁隆87號,37251002,987932037,https://167712438634.web.fullinn.tw/
哞哞露營地,苗栗縣,頭屋鄉,120.89788,24.60014,明德路32-8號,,932242034,https://www.facebook.com/p/%E6%84%9B%E9%9C%B2%E7%87%9F-%E5%93%9E%E5%93%9E%E9%9C%B2%E7%87%9F%E5%9C%B0-61558530418477/?_rdr
彤趣天空,苗栗縣,頭屋鄉,120.86169,24.56961,濫坑57號,,922252600,https://www.facebook.com/T0922252600/
飛鷹堡探索基地,苗栗縣,頭屋鄉,120.896802,24.580654,苗栗縣頭屋鄉明德村仁隆59號,,931628539,https://forteagle.blogspot.com/
微時光露營園區,苗栗縣,頭屋鄉,120.84959,24.588668,苗栗縣頭屋鄉4鄰46-1號,928893456,966052457,
荒野半島露營區,苗栗縣,頭屋鄉,120.896848,24.583485,362003苗栗縣頭屋鄉仁隆20鄰62號,,958757806,https://www.travelwildtw.com/products/glamping67
Cargo Place卡果牧場,桃園市,大園區,121.2185579,25.04130358,埔心83-2號,,,
森森親子露營區,桃園市,大溪區,121.263696,24.830862,,,,
綠果子休憩站,桃園市,大溪區,121.300159,24.881564,,,,
5＋2農場,桃園市,大溪區,121.354018,24.840489,美和路316巷22-1號,,,
石門森林休閒農場,桃園市,大溪區,121.292686,24.818489,,,,
水樂活親子農場,桃園市,中壢區,121.16617,24.984022,,,,
高坡金磐石露營區,桃園市,復興區,121.353575,24.768735,,,,
樹不老休閒莊園,桃園市,復興區,121.3783465,24.72959641,高義里8鄰色霧鬧12-1號,,,
溪口台露營區,桃園市,復興區,121.344206,24.802928,桃園市復興區羅馬路二段268號,,936314015,
戀戀雅渡農場,桃園市,復興區,121.381082,24.725801,色霧鬧7鄰10之3號,,917378028,
好馨勤齊露營區,桃園市,復興區,121.343449,24.802616,,,963081484,
天立農場,桃園市,復興區,121.3523377,24.82433257,色霧段282、282-3,,936402031,
溫度露營場,桃園市,復興區,,,霞雲段903地號,33732118,906646023,
蜻蜓露營區,桃園市,復興區,121.325065,24.778501,奎輝里7鄰嘎色鬧2號,,939584829,
一號地露營區,桃園市,復興區,121.362643,24.686941,,,976283287,
夏蝶冬櫻山谷園地,桃園市,復興區,121.350519,24.701503,高義蘭道路36-1號,,,
融奎霖休閒露營區,桃園市,復興區,121.390873,24.806878,,,,
霞雲歡樂谷,桃園市,復興區,121.379794,24.813488,,,,
伊萬農場,桃園市,復興區,121.3872726,24.724721,,,,
拉拉山芘雅尚露營區,桃園市,復興區,121.413218,24.685253,141-9號,,933337207,
天恩農場 ,桃園市,復興區,121.4173848,24.69604244,神木路193-1號193-2號,,,
CaVa休閒露營區,桃園市,復興區,121.355555,24.76894,桃園市復興區羅浮里高坡16-10號,,937098227,https://ca-va.weebly.com
老鷹果園露營區,桃園市,復興區,121.3823859,24.80630623,雙橋段133地號,,910350354,
福田美地露營場,桃園市,復興區,121.397786,24.806728,庫志道路11鄰24號,,,
享恩商店露營區,桃園市,復興區,121.3455,24.807987,溪口路86號,,937105053,
達彥露營區,桃園市,復興區,121.397091,24.806709,庫志道路32號,,926195480,
哇吶訕露營區,桃園市,復興區,121.358043,24.682741,14之18號,,925313332,
微風山崚露營場,桃園市,復興區,121.401655,24.692115,華興段3836、3837、3838、3839、3846、3847、3864、3841、3848、3849地號,,936613828,
山裡生活自然休閒農場,桃園市,復興區,121.3533858,24.83852689,三民里14鄰大窩路596號,,,
逍遙遊秘境露營區,桃園市,復興區,121.392138,24.828977,,,955358736,
那結山露營區,桃園市,復興區,121.328455,24.775215,,,,
流霞谷親水烤肉園區,桃園市,復興區,121.37189,24.806957,,,,
東眼山農場,桃園市,復興區,121.3952525,24.84325327,成福路545號,,926223828,
喜樂麻谷,桃園市,復興區,121.390654,24.825919,霞雲里4鄰佳志13-1號,,907460058,
培雅境露營區,桃園市,復興區,121.357089,24.798569,佳蘭段1263地號,,987072781,
樂見山露營場,桃園市,復興區,121.3869403,24.83199422,霞雲段231-3地號,987839083,,
圓夢農莊,桃園市,復興區,121.403507,24.69457,,,,
長榮露營區,桃園市,復興區,121.421026,24.696614,,,,
塔木休閒露營區,桃園市,復興區,121.37638,24.772408,10鄰29之5號,,925530904,
恩愛農場,桃園市,復興區,121.422537,24.696774,,,,
亞霧香草營區,桃園市,復興區,121.399888,24.784345,,,973685763,
蝶木窩露營休閒坊,桃園市,復興區,121.366999,24.794966,,,,
桃子菇菇休閒農莊,桃園市,復興區,121.420396,24.689059,,,,
山大王休閒農莊,桃園市,復興區,121.359075,24.8112,,,912455060,
微笑草地,桃園市,復興區,121.412041,24.688464,,,,
比該溪生態露營區,桃園市,復興區,121.426116,24.679606,,,,
馬莎度露營區,桃園市,復興區,121.392312,24.817634,霞雲段1004地號,,930026696,
比亞山露營區,桃園市,復興區,121.343124,24.806012,,,989608281,
山豬王露營區,桃園市,復興區,121.392477,24.791219,,,,
珍幸福烤肉露營區,桃園市,復興區,121.3771094,24.81105778,流霞路1鄰72號,,,
拉拉山得拉互露營區,桃園市,復興區,121.390096,24.683683,,,,
八度野溪露營區,桃園市,復興區,121.335976,24.792131,羅馬路三段238號,,930828768,
馬灣露營區,桃園市,復興區,121.397563,24.806076,,,919973148,
木村的家露營區,桃園市,復興區,121.411316,24.688409,中心路156-2號,,933797364,
尹宿納露營區,桃園市,復興區,121.336575,24.691377,砂崙段1488地號,,966562009,
高崗原創農園(雅月の娜杉),桃園市,復興區,121.365274,24.675041,武崙路33號,,960582481,
爺亨溪岸露營區,桃園市,復興區,121.371664,24.675035,,,,
楓林谷露營區,桃園市,復興區,121.327191,24.802043,,,,
Kiwi休閒露營區,桃園市,復興區,121.355446,24.769978,桃園市復興區羅浮里高坡16-6號,,989344266,https://kiwicamping.weebly.com
祥緣莊,桃園市,復興區,121.40267,24.697673,,,,
谷力農場,桃園市,復興區,121.372392,24.778675,桃園市復興區義盛村10鄰義興29號,,939378160,https://www.easycamp.com.tw/Store_2542.html
Kusu庫司景觀露營區,桃園市,復興區,121.404367,24.819971,桃園市復興區庫志道路35之30 ,,,
高山青莊園A區露營區,桃園市,復興區,121.352129,24.766565,30之3號,,966400072,
卡拉傳奇觀光農場-阿爸的故事,桃園市,復興區,121.408917,24.695764,華陵里華陵村11鄰180號,,,
利河伯休閒農園露營區,桃園市,復興區,121.379691,24.67375,,,,
山雲海露營農場,桃園市,復興區,121.414766,24.689861,中心路156號,,910262947,
野行野宿露營簡餐咖啡坊,桃園市,復興區,121.358676,24.780102,高坡6鄰12號,,981142263,
HOLA吼辣露營區,桃園市,復興區,121.355596,24.770521,高坡16號,,920938227,
米利漾,桃園市,復興區,121.3255323,24.78054455,復興區2號,,,
歐陽莊園,桃園市,復興區,121.35012,24.704517,高義蘭道路65之7號,,979045586,
遠見之星露營區,桃園市,復興區,121.411601,24.688316,中心路86巷28號,,925419533,
山水漣漪溪畔,桃園市,復興區,121.37037,24.805767,,,,
樂悠露營,桃園市,復興區,121.328154,24.802415,,,,
雲河露營農場,桃園市,復興區,121.424441,24.697051,,,,
葛鹿營地,桃園市,復興區,121.379459,24.803488,2鄰合流48之8號,,970520220,
雲霧農場,桃園市,復興區,121.37837,24.723682,色霧鬧10-21號,,988699291,
順花露營區,桃園市,復興區,121.348309,24.686007,砂崙段1228、1231、1232、1233、1235地號,,965157156,
可飛鹿營區,桃園市,復興區,121.32993,24.799275,,,,
沒搞頭露營區,桃園市,復興區,121.394679,24.812357,6鄰21號,,916202477,
摩亞農場,桃園市,復興區,121.377181,24.727532,,,,
露薩休閒露營區,桃園市,復興區,121.38552,24.670242,,,,
熊居露營趣,桃園市,復興區,121.41948,24.691668,,,,
熊老大露營區,桃園市,復興區,121.390305,24.792378,,,910955415,
松野農園露營區,桃園市,復興區,121.382186,24.72464,10-16號,,925601885,
那山‧達雅賀Ngasal Tayax,桃園市,復興區,121.382279,24.822011,9-6號,,910607988,
拉拉山塔曼之光露營區,桃園市,復興區,121.4246901,24.69778047,中心路315號,,973882038,
雅緻露營區,桃園市,復興區,121.357962,24.682444,,,976283287,
奎輝營地,桃園市,復興區,121.331204,24.787963,,,,
星城露營區,桃園市,復興區,121.42139,24.696836,,,933797364,
古渡園地,桃園市,復興區,121.412589,24.688981,,,,
清清露營區,桃園市,復興區,121.421569,24.684282,華陵里8鄰40號,,920607521,
卡普休閒農莊,桃園市,復興區,121.392852,24.794319,23號,,981008636,
美腿山親子露營區,桃園市,復興區,121.312307,24.80053,,,,
壘薩露營區,桃園市,復興區,121.399288,24.797263,23號之8,,912062289,
瓦旦喜義露營農場,桃園市,復興區,121.352513,24.748824,羅浮段186、187地號,,"9,130,090,990,989,630,000",
俠雲山莊,桃園市,復興區,121.421097,24.694712,巴崚143-5號,,928762717,
石秀灣五葉松露營區,桃園市,復興區,121.289726,24.8028,,,,
泰雅秘境露營區,桃園市,復興區,121.328014,24.80014,,,,
觀星露營區,桃園市,復興區,121.421531,24.697442,14鄰143-7號,,919019891,
達拉蓋露營場,桃園市,復興區,121.3960305,24.81117889,霞雲里11鄰庫志35之15號,952635998,,
雅比斯露營區,桃園市,復興區,121.413991,24.688851,華陵里9鄰69號,,985492477,
巫婆景觀農場露營區,桃園市,復興區,121.354018,24.840489,,,,
雲頂露營區,桃園市,復興區,121.424177,24.698969,,,933711363,
大樹下露營區,桃園市,復興區,121.3670024,24.80387486,32號,,926897986,
基拉耳景觀露營區,桃園市,復興區,121.347607,24.804742,,,,
飛督努露營區,桃園市,復興區,121.401569,24.842291,20-1號,,912512443,
爺亨溫泉露營區,桃園市,復興區,121.375013,24.674988,,,,
夢想家園露營區,桃園市,復興區,121.307998,24.684425,,,,
亞力山大露營區,桃園市,復興區,121.346603,24.704278,,,,
木河谷,桃園市,復興區,121.388963,24.791129,,,925380956,
庭綩小棧,桃園市,復興區,121.375013,24.810531,,,,
清龍谷野營渡假中心,桃園市,復興區,121.374254,24.809473,,,,
蘋果農莊,桃園市,復興區,121.378591,24.725118,色霧鬧7鄰10-20號,,966505080,
嘎色鬧露營區,桃園市,復興區,121.324416,24.775157,,,,
庫巴露營區,桃園市,復興區,121.398793,24.807376,,,935079328,
比固花園,桃園市,復興區,121.350566,24.704178,,,966603936,
東眼之星露營區,桃園市,復興區,121.397286,24.842397,,,921167390,
河那灣民宿露營區,桃園市,復興區,121.342596,24.803732,41號,,937174588,
布納星空露營區,桃園市,復興區,,,25之6號,,989205655,
上杉露營區,桃園市,復興區,121.322088,24.782774,6鄰28之6,,960770468,
享慢活 Double 5,桃園市,新屋區,121.0179214,24.97879879,港興路310號,,,
九斗休閒農場,桃園市,新屋區,121.1289554,24.96091969,桃園市新屋區五谷路205號,,986065371,https://www.farm99.com/
耀輝休閒牧場,桃園市,楊梅區,121.122967,24.917174,,,,
牛仔星村,桃園市,楊梅區,121.177464,24.925415,桃園市楊梅區幼獅路一段439號東南側,,908852398,https://shop6726.noon360.com/mainssl/uploads/shop6726/html/home.html
江陵日觀休閒農場,桃園市,楊梅區,121.13512,24.930199,桃園市楊梅區西高山頂15-2號,34750606,,https://taoyuanleisureagriculturefanpage.tycg.gov.tw/wordpress/%E6%B1%9F%E9%99%B5%E6%97%A5%E8%A7%80%E4%BC%91%E9%96%92%E8%BE%B2%E5%A0%B4/
驛品香生態農園,桃園市,楊梅區,121.1520749,24.88334733,校前路1150號,,,
梧桐心境養生露營園區,桃園市,龍潭區,121.222279,24.801323,,,,
桃園市石門營地,桃園市,龍潭區,121.23598,24.82212,桃園市龍潭區民治路100號,34711752,,
ARCADIA覓秘 · 午憩(小人國休閒農場),桃園市,龍潭區,121.1845962,24.83383168,高原路980號,,,
朋趣,桃園市,龍潭區,121.247792,24.870129,龍潭區悅華路100號,34801369,,https://bonchillglamping.com.tw/
叢林開始,桃園市,龍潭區,121.1876078,24.87172272,龍潭區德湖街369號,910425108,919596696,
隆泉莊園休閒農場,桃園市,龍潭區,121.243964,24.855752,桃園市龍潭區淮子埔路138巷58-1號,34112777,,https://www.camptrip.com.tw/camp/%E9%9A%86%E6%B3%89%E8%BE%B2%E8%8E%8A-%E5%93%88%E6%AF%94%E5%B1%8B%E9%9C%B2%E7%87%9F%E5%8D%80/
桃禧漫遊渡假露營園區,桃園市,龍潭區,121.260267,24.823594,桃園市大溪區康莊路五段150號,34713030,,https://www.orchard-villa.com/
舒心露營區,桃園市,龜山區,121.378402,24.991661,兔子坑段1377地號,952371070,,
茶野裡山野露營,桃園市,蘆竹區,121.33231,25.07893955,山林路三段855-1號,,,
桃野星晴,桃園市,蘆竹區,121.2927207,25.06900209,福山段2126、2127地號,286663360,,
桃蘆坑休閒農場,桃園市,蘆竹區,121.3322,25.079063,桃園市蘆竹區山林路三段855-1號,33242610,,https://m.icamping.app/store/tlk473
忠義營地(大寮區忠義國小),高雄市,大寮區,120.384142,22.616353,高雄市大寮區忠義路1號,77812858,,
GreenON露營區,高雄市,大樹區,,,,73819733,986811931,
小樹點露營區,高雄市,大樹區,120.41594,22.73132,學城段680~689地號,,,
大坪頂露營區,高雄市,小港區,120.3861065,22.56670266,坪北段463地號,,930832502,
老爺的家露營區,高雄市,內門區,120.496863,22.986084,高雄市內門區永興里埤後1-1號,,921542953,https://oldman168.mystrikingly.com/
飛莫力露營場,高雄市,內門區,120.432787,22.924876,高雄市內門區內東里茄苳崙23號,76672954,912023656,
茂升山林露營區,高雄市,內門區,120.5306885,23.00962504,高雄市內門區金竹村安定51-12號高117線0.2K處竹峯宮進去近月慧山觀音禪院,,931832882,
將軍山歐舍營地,高雄市,內門區,120.457731,22.910784,高雄市內門區將軍段467地號,910629926,910629926,
露舍營家,高雄市,內門區,120.489668,23.00014834,高雄市內門區溝坪里華園39-12號,,908528006,
田子路貳之壹露營區,高雄市,內門區,120.417619,22.907411,高雄市內門區瑞山里田子墘2-1號 (內門區脚帛寮段571-1地號),,933661701,
遠山望月露營區,高雄市,六龜區,120.7031564,23.10686804,高雄市六龜區寶來花賞溫泉公園,76883361,,https://www.spa-grand.com.tw/
緣起農場露營區,高雄市,六龜區,120.6632817,23.03271261,高雄市六龜區新發里和平路130-3號,911066179,911066179,
輕風椰林露營區,高雄市,六龜區,120.6090974,22.88975237,高雄市六龜區三民路70號,921541425,,https://www.coconutcamping.url.tw/
藏青谷渡假莊園,高雄市,六龜區,120.6608812,23.04130949,高雄市六龜區和平路130-66號,,932178002,http://www.valleystatt.com/
泗高露棧露營場,高雄市,六龜區,120.6615552,23.03936711,高雄市六龜區新發里和平路130-38號,927199008,927199008,
嚮露靈象山休閒露營區,高雄市,六龜區,120.6588912,22.9999275,高雄市六龜區興龍里土壠149-10號,,,
寶來星野景觀驛棧,高雄市,六龜區,120.7280104,23.10485227,高雄市六龜區竹林63之12號,,958665117,
草地人溫泉會館露營區,高雄市,六龜區,120.6770996,23.05699646,高雄市六龜區新發里新開路33-1號,76791992,,
溫德莊園,高雄市,六龜區,120.6747339,23.05716354,高雄市六龜區新發里新開路19號,,967300048,https://166599556631.web.fullinn.tw/
何氏農場生態露營區,高雄市,六龜區,120.6675249,23.04235863,高雄市六龜區和平路295號,,911003780,https://farmhofamily.com/
荖濃田營農場露營區(市招：家營農場),高雄市,六龜區,120.682899,23.07506079,高雄市六龜區荖濃里裕濃路81巷25-36號,,916139709,
福濃休閒農場露營區,高雄市,六龜區,120.6769995,23.0734779,高雄市六龜區荖濃里裕濃路81巷12-30號,933163506,933163506,
野獸休閒基地,高雄市,六龜區,120.6641235,23.04020578,高雄市六龜區和平路151-16號,,916179733,
戀戀南橫 2071 露營區,高雄市,六龜區,120.6602761,23.07124138,高雄市六龜區和平路295號,,907693503,
彩虹森林快樂農場,高雄市,六龜區,120.666791,23.04030383,高雄市六龜區新發里和平路290號,,931347278,
山水炎親子露營區,高雄市,六龜區,120.6470419,22.97968428,高雄市六龜區中興里尾庄55-2號,,911880057,http://www.ssyfarm.com.tw/
遠眺南橫露營場,高雄市,六龜區,120.65615,23.01819,,,,
水冬瓜農場生態露營區,高雄市,六龜區,120.6659153,23.05964635,高雄市六龜區水冬瓜74號,,963129479,
蘇菲凱文露營莊園露營區,高雄市,六龜區,120.6677428,23.04307316,高雄市六龜區新發里和平路303-5號,,930622286,http://sophiencalvin.com/
河畔秘境露營區,高雄市,六龜區,120.6506976,23.01708717,高雄市六龜區東溪山莊12之20號,,930939605,
樂暢園,高雄市,六龜區,120.6440895,22.96325764,高雄市六龜區復興巷37之21,,911161948,
扇平山莊十八羅漢山露營區,高雄市,六龜區,120.6515121,22.9707217,高雄市六龜區中興里29-1號,,966667089,
賴家古厝賞梅露營區,高雄市,六龜區,120.7319006,23.10982691,高雄市六龜區寶來里竹林60號,,937672962,
大山拾光露營地,高雄市,六龜區,120.6618643,23.03832116,高雄市六龜區和平路130-35號,911158173,911158173,https://oyamamemory.dingup.cc/
快樂熊咖啡香草露營區,高雄市,六龜區,120.6733059,23.06831157,高雄市六龜區裕濃路1之7號,,970311577,
荖濃有機農場露營區,高雄市,六龜區,120.6823171,23.07389171,高雄市六龜區荖濃里裕濃路81巷18號,,978657772,
1233放空露營區,高雄市,六龜區,120.6778816,23.07271292,高雄市六龜區裕農路81巷,928721425,928721425,
道時尚悠然渡假山莊,高雄市,六龜區,120.6636358,23.03345763,高雄市六龜區新發里和平路130-5號,76791003,,
依山山露營區,高雄市,六龜區,120.6884752,23.07182931,高雄市六龜區新開路110號,,933397113,
星空幽谷休閒露營農莊,高雄市,六龜區,120.6042009,22.88491619,高雄市六龜區新寮里三民路107號,955162589,955162589,https://starry.epo.tw/
呂家山外村露營休閒區,高雄市,六龜區,120.6083822,22.87812284,高雄市六龜區三民路74之27號,,933388548,
陽光綠地水世界露營區,高雄市,六龜區,120.6674544,23.04416703,高雄市六龜區新發里和平路305-2號,,963639555,
六龜 童趣休憩露營區,高雄市,六龜區,120.6361944,22.98289075,高雄市六龜區光明巷40 號之1,,988538032,
六龜麒麟露營區,高雄市,六龜區,120.6629088,23.01643133,高雄市六龜區新發里獅山15-20號,,963114332,
露悠悠輕奢露營區,高雄市,六龜區,120.6468097,22.98033798,高雄市六龜區尾庄55之2號,63128846,,https://loveuuglamping.com/
川聚休閒莊園露營區,高雄市,六龜區,120.65107,22.9991,中庄段332地號,,,
銓昶露營區,高雄市,田寮區,120.36213,22.83894,牛稠埔段258-6地號,,915586508,
陸石五木露營區,高雄市,杉林區,120.5738296,23.02154516,高雄市杉林區集來里通仙巷236號,932841255,931436586,
永齡有機休閒農場,高雄市,杉林區,120.5506125,22.97760746,高雄市杉林區上平里山仙路19鄰288號,76775068,,https://www.yonglinfarm.com.tw/
桂田休閒莊園露營區,高雄市,杉林區,120.532894,22.95636808,高雄市杉林區月美里桐竹路61-12號,73237429,978970754,http://5858house.com/address.aspx
伊咪達督露營區,高雄市,那瑪夏區,120.6944575,23.2411073,高雄市那瑪夏區瑪雅里平和巷107號,,988027163,
貴梅B露營區,高雄市,那瑪夏區,120.7075609,23.25086233,瑪雅段356-1地號,,921591206,
民權大橋露營區,高雄市,那瑪夏區,120.6948268,23.24596351,高雄市那瑪夏區瑪雅里平和巷25號,,985400904,
雅悠露營區,高雄市,那瑪夏區,120.687185,23.258708,高雄市那瑪夏區瑪雅里6鄰平和巷209之10號,921580453,958154603,
保山有善農場,高雄市,那瑪夏區,,,那瑪夏區瑪雅里1鄰平和巷15號,,910419636,https://www.facebook.com/profile.php?id=100066688032738
陳家茶園露營區,高雄市,那瑪夏區,120.6860634,23.26029742,高雄市那瑪夏區青山巷40號8鄰,,918354081,
谷露瑪哈露營區,高雄市,那瑪夏區,120.69029,23.21432,南沙魯段133-2地號,906115059,,
卜谷嵐露營區,高雄市,那瑪夏區,120.6979575,23.23140798,高雄市那瑪夏區瑪雅里平和巷13號,76701006,937747775,
貴梅A露營場,高雄市,那瑪夏區,120.7075,23.250917,高雄市那瑪夏區瑪雅村5鄰平和巷147號,,921591208,
瑪那休閒露營區,高雄市,那瑪夏區,120.7047937,23.2477429,高雄市那瑪夏區瑪雅里平和巷124號,937372044,930808963,
呼瑪露營區,高雄市,那瑪夏區,120.703222,23.245954,高雄市那瑪夏區瑪雅里平和巷105號,,981985699,
吉巴谷露營區,高雄市,那瑪夏區,120.702853,23.26009101,高雄市那瑪夏區達卡努瓦里秀嶺巷3鄰178-9號,988259099,975309227,
拉比尼亞露營山莊,高雄市,那瑪夏區,120.6872596,23.25687276,高雄市那瑪夏區瑪雅里平和巷209-1號,988782870,939189862,
那次嵐露營區,高雄市,那瑪夏區,120.6962073,23.24740596,高雄市那瑪夏區瑪雅里175-1號,,928353643,
那邊露營區,高雄市,那瑪夏區,120.7048027,23.24812907,高雄市那瑪夏區瑪雅段401號,,975258555,
發啦斯露營場,高雄市,那瑪夏區,120.7240336,23.28765895,高雄市那瑪夏區達卡努瓦里大光巷201號,,972966800,
達里沐露營區,高雄市,那瑪夏區,120.6985493,23.2199674,高雄市那瑪夏南沙魯里,,922754866,
麥的莊園露營區,高雄市,那瑪夏區,120.692309,23.249121,高雄市那瑪夏區瑪雅里平和巷239號,935797102,905031202,
隱君子的撒野,高雄市,岡山區,120.4743512,22.87852141,高雄市岡山區菜寮路2-26號,933346863,933346863,
MŌN JŎU野奢渡假露營莊園-崗山南麓,高雄市,岡山區,,,,910127799,,
美圳露營區,高雄市,美濃區,120.5374562,22.89358315,高雄市美濃區中正路2段58巷39號,,983258576,
德旺渡假山莊,高雄市,美濃區,120.5854038,22.94286899,高雄市美濃區廣林里朝元159-12號,,955002551,
草香居露營場,高雄市,美濃區,126,27,,988361051,,
飄漂生態園區,高雄市,美濃區,,,,,,
美綠生態園,高雄市,美濃區,120.5862906,22.87336662,高雄市美濃區獅山里竹門14-2號,76851111,,http://meilu.com.tw/
高雄同學農場-遊騎兵特戰基地,高雄市,美濃區,120.5303677,22.83272047,高雄市美濃區吉洋里外六寮500號,76831115,,http://www.kaohsiungfarm.com.tw/
美濃美真園,高雄市,美濃區,120.53365,22.83162,,,926180522,
一山沐露營區,高雄市,茂林區,120.7250094,22.90790964,多納巷16之39號,,932500065,https://booking.owlting.com/ismu?lang=zh_TW&adult=1&child=0&infant=0
渡露灣民宿露營區,高雄市,茂林區,120.6885029,22.90577623,高雄市茂林區萬山里72-36號,,989489533,
得恩谷生態民宿,高雄市,茂林區,120.6762771,22.89681075,高雄市茂林區茂林里6鄰138號,,989370885,http://www.deengorge.com/
烏巴克藝術空間,高雄市,茂林區,120.6679428,22.88498384,高雄市茂林區茂林巷116號,,910774687,
小長城露營區,高雄市,茂林區,120.6939407,22.91541505,多納巷43-2號,,915889732,https://reurl.cc/0d16xx
玥納露營區,高雄市,茂林區,120.7226068,22.90904246,茂林區多納里一鄰16-30號,,970202731,
茂林谷露營場,高雄市,茂林區,120.67414,22.89452,,,958686859,
豐林農場露營區,高雄市,桃源區,120.7143778,23.07453612,高雄市桃源區寶山里寶山巷98-20號,,937474104,
Laung石頭露營區,高雄市,桃源區,120.7896508,23.18081424,高雄市桃源區勤和里南橫公路三段118-1號,,925096159,
Daluhan露營區,高雄市,桃源區,120.7190291,23.06426782,藤枝段148地號,,,
艾莉絲森林露營區,高雄市,桃源區,120.7186472,23.06473361,高雄市桃源區寶山巷98之18號,,963733088,
拉芙蘭櫻花農場露營區,高雄市,桃源區,120.8127229,23.24507911,,,937761004,
山中水手露營區,高雄市,桃源區,120.7951064,23.18950126,高雄市桃源區南橫公路三段388號,,985200985,
晨月緣露營區,高雄市,桃源區,120.7119219,23.07098251,高雄市桃源區寶山巷98-8號,,936355434,
藤枝好望角露營區,高雄市,桃源區,120.7165296,23.06500548,高雄市桃源區732 號,,910047240,
阿桂果園露營區,高雄市,桃源區,120.71778,23.0747,寶山巷98之30號,,,
和風農場露營區,高雄市,桃源區,120.7869071,23.18431968,高雄市桃源區勤和里平台巷300號,,977115891,
南橫梅山口農場露營區,高雄市,桃源區,120.8238096,23.26726482,南橫公路五段145號,,933532956,
大學林農場露營區,高雄市,桃源區,120.7211431,23.06086724,,,963226119,
藤枝製茶露營區,高雄市,桃源區,120.7125344,23.07157171,高雄市桃源區寶山里寶山巷98-10號,,933376347,
文家果園,高雄市,桃源區,120.7180969,23.06271497,,,912120153,
集頂山咖啡園露營區,高雄市,桃源區,120.7284625,23.05764631,,,932990702,
藤枝櫻花原生茶園,高雄市,桃源區,120.736223,23.06037791,高雄市桃源區寶山里寶山巷250-5號,,912775165,
玳菈露營區,高雄市,桃源區,120.6889756,23.10759366,高雄市桃源區建山巷15-10號,,900141019,
海拉努休閒露營,高雄市,桃源區,120.7126897,23.07437344,高雄市桃源區寶山里寶山巷93號,,978329781,
梅園野營秘境露營區,高雄市,桃源區,120.8238409,23.26976433,,,935325217,
川山境露營區,高雄市,旗山區,120.5203388,22.97511126,高雄市旗山區大勝巷9-2號,,915051226,
三桃山森林遊樂區,高雄市,旗山區,120.4743512,22.87852141,高雄市旗山區三桃巷9號,76612482,,
麗湖探索教育園區,高雄市,旗山區,120.4433733,22.88481498,高雄市旗山區三協里旗亭巷500弄99號,76627407,,
東九道露營區,高雄市,旗山區,120.473232,22.849639,,,927130130,
角宿休閒農場,高雄市,燕巢區,120.3665309,22.76565331,高雄市燕巢區義大路65號,,937806900,
彌陀海岸休閒農場,高雄市,彌陀區,120.243171,22.744903,高雄市彌陀區新庄路1之268號,,,
拉波波村,基隆市,暖暖區,121.7550243,25.07718886,基隆市暖暖區暖東里東勢街221號,224582688,,https://www.facebook.com/LAPOPOTW/
九九莊園休閒農場,雲林縣,斗六市,120.5654,23.7433,斗六市十三南路55-2號,"55,518,889,055,514,800",,
佳南美地露營區,雲林縣,古坑鄉,120.606477,23.590962,雲林縣古坑鄉華山村69號,,937749040,
露上樟湖,雲林縣,古坑鄉,120.630371,23.603244,雲林縣古坑鄉石橋50之5號，樟湖生態國小旁的露營區,,901033928,
夕霧山莊,雲林縣,古坑鄉,,,雲林縣古坑鄉華南村7之15號,,923151558,
仙地休閒農場,雲林縣,古坑鄉,120.619295,23.59841,雲林縣古坑鄉桂林村桃源1之30號,55901989,,
咖啡鄉露營區,雲林縣,古坑鄉,120.588971,23.65991,雲林縣古坑鄉尖山坑路69號,,928382862,
伴山邀露營區(原:劍湖園露營區),雲林縣,古坑鄉,120.57,23.6012,雲林縣古坑鄉華南村45號,,933501611,
劍湖山世界,雲林縣,古坑鄉,120.5783401,23.62057932,雲林縣古坑鄉67號,55825789,,
石壁休閒農場,雲林縣,古坑鄉,120.71553,23.61067,雲林縣古坑鄉草嶺村草嶺81之18 號,,965808832,
古坑5號莊園,雲林縣,古坑鄉,120.5722132,23.61790884,雲林縣古坑鄉永光村大湖口60-5號,,920747372,
逸境生態露營區,雲林縣,林內鄉,120.6177,23.72444,雲林縣林內鄉自強路1巷23-8號,916941489,932267158,
林家花園休閒露營區,雲林縣,林內鄉,120.60034,23.76151,雲林縣林內鄉忠庄18-20號,,932612673,
三芝老農夫農場,新北市,三芝區,116,20,新北市三芝區芝蘭路62之5號,,,
19 庄淺水灣海景露營餐廳,新北市,三芝區,121.47387,25.25446,北勢子19號,,976076511,https://www.facebook.com/arthur7553/?locale=zh_TW
花岩山林休閒農場,新北市,三峽區,121.43523,24.8626,有木106之8號,226720888,935526566,https://calm.com.tw/
阿婆露營區(原三五野營區),新北市,三峽區,,,有木162號,0226729139/0226720800,,
熊空森林休閒農場,新北市,三峽區,121.462402,24.87853,新北市三峽區竹崙路238號,226681589,911915950,
山水畔休閒生態,新北市,三峽區,121.45858,24.92212,安坑里建安路112-1號,,918924493,http://3s.wa24hr.com/
皇后鎮森林三峽,新北市,三峽區,121.4341982,24.91799892,竹崙里竹崙路95巷1號,226682591,,http://www.queen-village.com/
三峽北大清肺農場,新北市,三峽區,121.452951,24.86017771,有木里有木126-1號,,918804369,
頂埔休閒農場,新北市,土城區,121.4212874,24.95646129,新北市土城區中央路4段135號,,919572909,
烘爐地休閒農場,新北市,中和區,121.499324,24.97412575,中和區烘爐地段789-2、792等2筆土地,22528909,,
十分自然露營區,新北市,平溪區,121.7827808,25.05212805,靜安路三段,,936175963,https://m.icamping.app/store/sfzr218
碉堡露營區,新北市,石門區,121.5398859,25.28921319,新北市石門區富基里崁仔角28之2號前100公尺,,911225109,https://lin.ee/tbL7ADO
半島秘境,新北市,石門區,121.5108009,25.2870149,下員坑路15號,"2,263,667,570,226,360,000",,https://www.sicamp.com.tw/
虹毓露營場,新北市,石碇區,121.67427,25.00162,新北市石碇區中民里番子坑17號,,912850160,https://hongyu-camping.mystrikingly.com/
映象之旅,新北市,坪林區,121.7441876,24.95535018,上德里虎寮潭1-2號,226656146,,https://ioutrave.weebly.com/yingsiangjhihlyuyeyingcanyin.html
坪安潭露營地,新北市,坪林區,121.73208,24.94811,大粗坑6-1號,226657552,,
鐵馬新樂園,新北市,坪林區,121.6810468,24.91373027,粗窟里金瓜寮19-1號,226657818,,https://www.facebook.com/%E9%90%B5%E9%A6%AC%E6%96%B0%E6%A8%82%E5%9C%92-230080277150916/?ref=settings
合歡自然生活體驗基地(原名：合歡露營山莊),新北市,坪林區,121.7157041,24.94162041,水德里苦苓腳3-3號,226656434,,
虎寮潭山莊(虎寮潭休閒山莊),新北市,坪林區,121.7401356,24.94946221,新北市坪林區虎寮潭畔16號,226656549,,
水德營地,新北市,坪林區,121.73283,24.94147,水德里厚德岡坑3號,226656424,,
天山親水農場,新北市,坪林區,121.6799917,24.90804845,粗窟里金瓜寮24-2號,226656199,989190889,http://www.ten3.com.tw/
大溪地露營區,新北市,坪林區,121.7082982,24.91317717,大林里鶯子瀨2-1號,226657218,,
茄冬潭營地,新北市,坪林區,121.76689,24.96118,漁光里楣子寮17號,,930135339,
林園營地,新北市,坪林區,121.7196638,24.94113291,下坑子口12號,226656686,935690188,https://www.facebook.com/Lin.0226656686/?locale=zh_TW
清泉水頭營地,新北市,坪林區,121.7503773,24.95319052,漁光里粗石斛6-2號,226657955,921459536,https://ioutrave.weebly.com/cingcyuanshueitouluyingcyu.html
長青營地,新北市,坪林區,121.7237003,24.94589382,壁潭2-1號,226656601,,
刣牛寮草堂,新北市,坪林區,121.76401,24.90082,石槽里刣牛寮4號,,910359933,
蕃米力親子營地(同碧湖(福星)農場營地(月牙灣)),新北市,坪林區,121.74273,24.89309,石𥕢里碧湖2號,,935981468,https://www.facebook.com/FmlCamp48/
金溪露營山莊,新北市,坪林區,121.682145,24.916208,金瓜寮13-2號,226656099,933746065,https://www.jinsi.com.tw/
青山農場,新北市,坪林區,121.7187917,25.00645755,石嘈村48-1號(石槽里北宜路9段86號),226656165,919016573,https://www.facebook.com/p/%E9%9D%92%E5%B1%B1%E8%BE%B2%E5%A0%B4-100064688616525/?locale=zh_TW
仁里茶園露營區,新北市,坪林區,121.6864907,24.92860819,粗窟村仁里13號,226656919,,http://www.0226655619.com.tw/
綠野山林,新北市,坪林區,121.7345083,24.89419361,石槽49號)/石槽里50號,226658128,,https://m.facebook.com/%E7%B6%A0%E9%87%8E%E5%B1%B1%E6%9E%97-691415454312042/?locale2=zh_TW
葵扇湖休閒農場,新北市,金山區,121.5901354,25.22963953,新北市金山區兩湖里2鄰葵扇湖18-6號,,,
金山驛境,新北市,金山區,121.6041805,25.22548909,重和里牛埔仔5之2號,910052552,910052552,https://goldmrnr.com/
泰雅巴萊部落村,新北市,烏來區,121.5395302,24.86026281,西羅岸路132號,226617551,,https://www.facebook.com/%E6%B3%B0%E9%9B%85%E5%B7%B4%E8%90%8A%E9%83%A8%E8%90%BD%E6%9D%91-423160577735579/
福山大羅蘭露營區,新北市,烏來區,121.5029141,24.77456052,新北市烏來區大羅蘭7號,,917009262,
福山緣營地,新北市,烏來區,121.5031813,24.77891635,福山里卡拉模基2號,,963929513,https://www.facebook.com/%E7%A6%8F%E5%B1%B1%E7%B7%A3%E7%87%9F%E5%9C%B0-434688073772344/
裕子商店(微笑吧露營地),新北市,烏來區,121.5037762,24.78172647,福山里福山一號橋旁,,,
明裕山水（獵野啦卡）,新北市,烏來區,121.5653571,24.85608742,新北市烏來區啦卡路70之1號,,977457470,https://www.facebook.com/people/%E6%98%8E%E8%A3%95%E5%B1%B1%E6%B0%B4%E7%8D%B5%E9%87%8E%E5%95%A6%E5%8D%A1/100063707539757/
大桶山泰雅藝術館(前桶壁角親子露營聖地),新北市,烏來區,121.5560251,24.88353997,忠治里金堰92號,,,
來烏來露營地(大桶山農場)(網路市招：迴山里 GLAMPING),新北市,烏來區,121.5607607,24.89845091,新北市烏來區金堰115巷10號之1,,965521151,https://www.instagram.com/hui.shan.li_glamping/
福山達卡露營區,新北市,烏來區,121.4976867,24.77473329,大羅蘭19號之1,,911836830,https://instagram.com/ngasal_takoy?igshid=YmMyMTA2M2Y=
頭目山水,新北市,烏來區,121.5018707,24.7818544,福山里3鄰卡拉模基21號,,983112412,https://www.facebook.com/profile.php?id=100089828941600
龍門露營渡假基地,新北市,貢寮區,121.9366542,25.01981403,福隆里興隆街100號,224991791,,http://www.lonmen.tw/
丹內丹內野奢莊園 DANNEI GLAMPING,新北市,貢寮區,121.90266,25.0483,新北市寮區新港段1641地號,266040010,,https://www.dannei.com.tw/
海麗愛哈皮野孩子的營地,新北市,貢寮區,121.90446,25.07433,巫里岸街18號(往山下200公尺),,922395395,https://www.facebook.com/people/%E6%B5%B7%E9%BA%97%E6%84%9B%E5%93%88%E7%9A%AE-%E9%87%8E%E5%AD%A9%E5%AD%90%E7%9A%84%E7%87%9F%E5%9C%B0/100057490927729/#
甜蜜點休閒莊園,新北市,淡水區,121.4570249,25.20557412,奎柔山路189號,,933916911,http://www.sweetspot.com.tw/
新北市農會文山農場(網路市招：文山森活露營區、茶廂露螢),新北市,新店區,121.5410018,24.93363483,湖子內路100號,226667512,,http://www.wsfa.com.tw/
皇后鎮森林金山,新北市,萬里區,121.643294,25.209576,新北市萬里區大鵬街111號,224985060,912125512,https://www.queen-village.com/play_jinshan.html
亮山川休閒農場,新北市,萬里區,121.6707428,25.16542329,中福路1之3號,224921130,,https://landsandstream.com.tw/
雙溪平林休閒農場,新北市,雙溪區,121.853608,25.03697257,外平林35號1樓及37號1樓,224934016,,http://www.ping-lingfarm.com.tw/
山間小露,新北市,雙溪區,121.8247131,25.01438986,三叉坑4號,,989740193,https://www.facebook.com/slowlife2015/?locale=zh_TW
新竹風莊園,新竹市,香山區,120.91827,24.7234956,300新竹市香山區中華路六段718-8號,,,https://how718-8.epo.tw/
茄苳營地,新竹市,香山區,120.9463018,24.75581309,300新竹市香山區茄苳路70號,,,
馬雅竹軒,新竹縣,五峰鄉,121.090767,24.580204,新竹縣五峰鄉桃山村18鄰白蘭305號,,938866330,https://www.easycamp.com.tw/Store_767.htmlhttps://www.facebook.com/mayafamily30/?locale=zh_TW
寶之林營地,新竹縣,五峰鄉,121.094149,24.622744,五峰鄉大隘村16鄰,,988523416,
天景露營場,新竹縣,五峰鄉,121.183234,24.656845,,,,
馬瀨營地,新竹縣,五峰鄉,121.15861,24.652861,新竹縣五峰鄉花園村9鄰天湖196-3號,,905564976,https://www.easycamp.com.tw/Store_2533.htmlhttps://www.facebook.com/malaicamping/
巴棍杉林,新竹縣,五峰鄉,121.081314,24.578127,新竹縣五峰鄉桃山村18鄰白蘭311之22號,,910170544,https://m.icamping.app/store/bgsl137https://www.facebook.com/babacamping/?locale=zh_TW
左岸涼山營地,新竹縣,五峰鄉,121.100504,24.609536,新竹縣五峰鄉大隘村23鄰458之5號,,931167691,https://www.easycamp.com.tw/store/store_index/764
老牛露營區,新竹縣,五峰鄉,121.082083,24.583132,新竹縣五峰鄉桃山村18鄰白蘭312-3號,,975776215,https://m.icamping.app/store/lnlyq221https://www.facebook.com/Tumas0129/?locale=zh_TW
四季露營區,新竹縣,五峰鄉,121.092564,24.587027,新竹縣五峰鄉桃山村18鄰白蘭305之2號,,963063960,https://www.facebook.com/wewincamp/?locale=zh_TW
飛鳥恰恰豪華露營X愛露營野遊體驗(原名)飛鳥恰恰 Outdoorbase Experience,新竹縣,五峰鄉,121.172276,24.657838,五峰鄉花園村010鄰天湖205之12號臨,,,https://www.facebook.com/flybirdchacha/?locale=zh_TW
漫步天湖露營區,新竹縣,五峰鄉,121.1658831,24.66817817,,,,
蓉園山莊,新竹縣,五峰鄉,121.170372,24.66013,新竹縣五峰鄉花園村10鄰天湖219之22號臨,,932921121,http://products006.okgo.tw/
戈巴侖露營區,新竹縣,五峰鄉,121.113542,24.618674,五峰鄉竹林村和平156號,,975595131,https://m.icamping.app/store/gbl141
雅居勝櫻休閒營地(原名)窩.露營,新竹縣,五峰鄉,121.143386,24.63157,新竹縣五峰鄉竹林村1鄰羅山4之9號,,920970102,https://www.facebook.com/ntstcamp/
桃山清泉露營區,新竹縣,五峰鄉,121.106783,24.570342,新竹縣五峰鄉桃山村17鄰清泉296號,,989393688,https://www.facebook.com/familysweet999/?locale=zh_TW
貝德拉蔓露營區(鳥嘴山露營區),新竹縣,五峰鄉,121.078353,24.578886,新竹縣五峰鄉桃山村18鄰白蘭314號,,911612634,https://www.easycamp.com.tw/viewpoint/viewpoint_info/C1_376440000A_001567https://www.facebook.com/XinZhuXianWuFengXiangBaiLanNiaoZuiShan/?locale=zh_TW
喜來登營地2館,新竹縣,五峰鄉,,,,,,
竹鷹露營區,新竹縣,五峰鄉,121.126795,24.561034,新竹縣五峰鄉桃山村19鄰民石327之13號,,925490214,https://www.camptrip.com.tw/camp/%E7%AB%B9%E9%B7%B9%E9%9C%B2%E7%87%9F%E5%8D%80/https://www.facebook.com/kwaliruma/?locale=zh_TW
賽夏有機農場露營區,新竹縣,五峰鄉,121.135305,24.612992,新竹縣五峰鄉竹林村1鄰羅山24之20號,,911629260,https://www.facebook.com/ss0911629260/
谷燕養鱒場露營區,新竹縣,五峰鄉,121.127008,24.623884,新竹縣五峰鄉竹林村5鄰和平159號,35851243,928890851,https://www.easycamp.com.tw/tvc/tvc_video/390https://m.facebook.com/profile.php?id=1735998763306142
馬丘比丘露營區,新竹縣,五峰鄉,121.168123,24.653107,,,937986073,https://m.icamping.app/store/mcpc465https://www.facebook.com/mcpc465/
戀戀天湖,新竹縣,五峰鄉,121.166441,24.664259,新竹縣五峰鄉花園村10鄰天湖219之15號臨,,910606325,
霞喀羅露營區,新竹縣,五峰鄉,121.133324,24.557104,新竹縣五峰鄉桃山村19鄰民石324之20號,,972731038,
莫那的家,新竹縣,五峰鄉,121.083911,24.577497,新竹縣五峰鄉桃山村18鄰白蘭311之10號,0972145279張秋生0905257211,,https://www.facebook.com/mauna31110/?locale=zh_TW
觀瀑營地休閒區,新竹縣,五峰鄉,121.155663,24.642412,新竹縣五峰鄉花園村6鄰花園121之2號,35851101,,https://www.easycamp.com.tw/Store_2080.htmlhttps://reurl.cc/o7Dnkq
巴棍民宿露營區,新竹縣,五峰鄉,121.088963,24.57536,新竹縣五峰鄉桃山村18鄰白蘭311之22號,35856351,910170544,https://www.facebook.com/babacamping/?locale=zh_TW
喜來登營地1館,新竹縣,五峰鄉,121.113396,24.639929,新竹縣五峰鄉大隘村4鄰51之11號,,970213255,https://www.easycamp.com.tw/Store_2441.html
哈娜露營區,新竹縣,五峰鄉,121.110529,24.621739,,,920071099,
杉嵐營地,新竹縣,五峰鄉,121.143198,24.620376,五峰鄉竹林村1鄰羅山23之2號,,966662782,https://m.icamping.app/store/sr348
花湖美地露營區,新竹縣,五峰鄉,121.160116,24.651933,新竹縣五峰鄉花園村9鄰天湖196號,,921049446,https://m.icamping.app/store/hhmd290http://www.haumaji.com/
瓜麗古老露營區,新竹縣,五峰鄉,121.127993,24.563351,新竹縣五峰鄉桃山村19鄰民石324之20號,,928011386,
舞蜜農園露營區,新竹縣,五峰鄉,121.144131,24.622333,新竹縣五峰鄉竹林村2鄰羅山39號之1,,921096802,https://www.facebook.com/umi0921096802/?locale=zh_TW
牧羊小豆子,新竹縣,五峰鄉,121.128226,24.592857,新竹縣五峰鄉竹林村4鄰忠興93之6號,,910565344,https://m.icamping.app/store/myxdz194https://www.facebook.com/patas2017/?locale=zh_TW
翡翠園露營區,新竹縣,五峰鄉,121.138478,24.614508,新竹縣五峰鄉竹林村1鄰羅山24之16號,,905386992,https://hostel.url.com.tw/0905386992
星空下露營區,新竹縣,五峰鄉,121.085326,24.579516,新竹縣五峰鄉桃山村18鄰白蘭311之37號,,916715682,https://m.icamping.app/store/sks032https://www.facebook.com/starnightcamping/?locale=zh_TW
輪園秘境,新竹縣,五峰鄉,121.164136,24.661607,五峰鄉花園村天湖２１９－１號臨,,958819385,https://www.easycamp.com.tw/Store_2496.htmlhttps://www.facebook.com/katies.garden99/
愛上喜翁民宿,新竹縣,五峰鄉,121.129524,24.590967,新竹縣五峰鄉竹林村4鄰忠興93號,,933290500,https://www.xiong-glamping.com/home
仙湖露營區,新竹縣,五峰鄉,121.116291,24.626137,五峰鄉大隘村10鄰194號,,932119772,https://m.icamping.app/store/sh289
格步霧露營區,新竹縣,五峰鄉,,,新竹縣五峰鄉桃山村18鄰白蘭311號之1,,933795284,https://www.facebook.com/ngasal.Tumaw/?locale=zh_TW
雲起露營區,新竹縣,五峰鄉,121.085532,24.585229,新竹縣五峰鄉桃山村18鄰白蘭307之15號,,988850580,https://www.facebook.com/YunChi.camping/
巴斯瓜藍民宿,新竹縣,五峰鄉,121.083451,24.581567,新竹縣五峰鄉桃山村18鄰白蘭312號,,932119057,https://bas.mmweb.tw/https://www.facebook.com/bsgr301/
紫色的家露營區,新竹縣,五峰鄉,121.164092,24.666761,新竹縣五峰鄉大隘村3鄰五峰39之1號,35851465,,https://17camping.ezhotel.com.tw/17https://www.facebook.com/profile.php?id=100064221240035&locale=zh_TW
KT露營區,新竹縣,五峰鄉,121.151221,24.660364,五峰鄉花園村8鄰花園167之1號,,905368534,https://www.easycamp.com.tw/Store_2055.html
愛上比來(原名)愛。上比來露營區,新竹縣,五峰鄉,121.147552,24.664267,新竹縣五峰鄉花園村4鄰比來78之15號臨,,,https://m.icamping.app/store/asbr344
大霸雅脈露營區,新竹縣,五峰鄉,121.097632,24.623395,新竹縣五峰鄉大隘村18鄰茅圃352號1樓,,955236271,https://www.facebook.com/dabayama2017/?locale=zh_TW
蘇珊藏美露營農場,新竹縣,五峰鄉,121.108926,24.568233,五峰鄉桃山村17鄰清泉296之24號臨,,905881189,https://www.easycamp.com.tw/Store_2342.htmlhttps://www.facebook.com/fun0905881189/?locale=zh_TW
天景露營區,新竹縣,五峰鄉,121.183234,24.656845,新竹縣五峰鄉花園村10鄰天湖205號,,987347774,https://www.facebook.com/janyu681121/?locale=zh_TW
小米露營區,新竹縣,五峰鄉,121.123831,24.596165,新竹縣五峰鄉竹林村4鄰忠興91之5號,,958310212,https://www.facebook.com/smd5856459/?locale=zh_TW
阿秋泰雅編織工坊,新竹縣,五峰鄉,121.091125,24.582263,新竹縣五峰鄉桃山村18鄰白蘭309之5號,,928637557,https://www.easycamp.com.tw/Store_763.htmlhttps://www.facebook.com/people/%E9%98%BF%E7%A7%8B%E6%B3%B0%E9%9B%85%E7%B7%A8%E7%B9%94%E5%B7%A5%E4%BD%9C%E5%9D%8A%E6%99%AF%E8%A7%80%E9%9C%B2%E7%87%9F/100068630062360/
艾嵐休閒露營區,新竹縣,五峰鄉,121.090639,24.630718,新竹縣五峰鄉大隘村14鄰大隘271-4號,,930262249,https://www.facebook.com/AlainCamping0330/?locale=zh_TW
楠桂坊露營區,新竹縣,五峰鄉,121.117704,24.618951,新竹縣五峰鄉竹林村5鄰和平154之1號,,986100050,https://www.easycamp.com.tw/Store_2154.html
龍之家農場(原名)山之谷露營區,新竹縣,五峰鄉,121.154257,24.625174,新竹縣五峰鄉竹林村2鄰羅山45號,,972928055,https://m.icamping.app/store/sjg631
天湖祕境露營區,新竹縣,五峰鄉,121.170423,24.654172,新竹縣五峰鄉花園村9鄰天湖196之9號,,933233680,https://www.facebook.com/thmj554/?locale=zh_TW
哈勇露營區,新竹縣,五峰鄉,,,新竹縣五峰鄉竹林村1鄰羅山28號,,988861494,https://reurl.cc/mDnX9W
英桃天闊營地,新竹縣,五峰鄉,121.137379,24.613613,新竹縣五峰鄉竹林村1鄰羅山24之18號,,933843008,https://www.facebook.com/professorcamp/?locale=zh_TW
田秘的家露營區,新竹縣,五峰鄉,121.131241,24.653025,新竹縣五峰鄉花園村河頭2鄰47之5號,,930013613,https://campground-310.business.site/https://www.facebook.com/home403/?locale=zh_TW
布魯的家露營區,新竹縣,五峰鄉,121.091689,24.573135,新竹縣五峰鄉桃山村11鄰清泉197之7號,,937155954,https://www.facebook.com/Peggy.chen0057/
雲頂杉林景觀農場,新竹縣,五峰鄉,121.1708491,24.64977221,五峰鄉花園村天湖9鄰196-6號,,926114979,https://www.facebook.com/groups/821981094529026/
燚飛寨露營區(原名：尤外露營區),新竹縣,五峰鄉,121.0844985,24.57635246,新竹縣五峰鄉桃山村18鄰白蘭311之7號,,933344040,https://www.facebook.com/yw525/?locale=zh_TW
鹿林濤營地,新竹縣,五峰鄉,121.104077,24.557177,,,,
尤巴士露營區,新竹縣,五峰鄉,121.088004,24.58086,新竹縣五峰鄉桃山村18鄰白蘭301之8號,,921919851,https://m.icamping.app/store/ybs067https://www.facebook.com/campyupas/?locale=zh_TW
露露米露營區,新竹縣,五峰鄉,121.143221,24.623174,新竹縣五峰鄉竹林村1鄰羅山22之5號,,978056791,https://m.icamping.app/store/llm115
綠色奇緣露營區,新竹縣,五峰鄉,121.110462,24.624322,新竹縣五峰鄉竹林村5鄰和平166之15號,,936309262,https://17camping.ezhotel.com.tw/16https://www.facebook.com/aa3545/?locale=zh_TW
尤瑪山莊,新竹縣,五峰鄉,121.095409,24.596406,新竹縣五峰鄉大隘村23鄰茅圃471號,,921241749,https://www.bing.com/search?q=_%E5%B0%A4%E7%91%AA%E5%B1%B1%E8%8E%8A&qs=n&form=QBRE&sp=-1&pq=_%E5%B0%A4%E7%91%AA%E5%B1%B1%E8%8E%8A&sc=2-5&sk=&cvid=E78597C332DE4E15A00AE2D68A2564CB&ghsh=0&ghacc=0&ghpl=https://www.easycamp.com.tw/Store_723.html
鹿林道營地,新竹縣,五峰鄉,121.103716,24.557379,新竹縣五峰鄉桃山村17鄰清泉205之5號,,988518193,https://www.lulin.com.tw/page/local.phphttps://www.facebook.com/lulin88/?locale=zh_TW
靜觀露營區,新竹縣,五峰鄉,121.086888,24.577316,新竹縣五峰鄉桃山村18鄰白蘭311之30號,,953211130,https://m.icamping.app/store/jg150https://www.facebook.com/JingGuan2017/?locale=zh_TW
魯娜的秘境,新竹縣,五峰鄉,121.096324,24.602847,新竹縣五峰鄉大隘村23鄰茅圃463號,,"9,633,050,960,932,170,000",
空軍一號民宿露營,新竹縣,五峰鄉,121.16591,24.66286,新竹縣五峰鄉花園村10鄰天湖219之17號臨,,"9,200,578,650,932,930,000",https://www.easycamp.com.tw/Store_2363.htmlhttps://www.facebook.com/airforcenoone/?locale=zh_TW
哈尼農場露營場,新竹縣,五峰鄉,,,新竹縣五峰鄉竹林村4鄰忠興112之4號,,953015650,https://m.icamping.app/store/hn116https://www.facebook.com/honeycamping/?locale=zh_TW
阿貴露營區,新竹縣,五峰鄉,121.089963,24.604222,新竹縣五峰鄉大隘村23鄰茅圃466號,,931167691,https://akueicamp.blogspot.com/https://kuei.okgo.tw/
觀雲亭農莊(原名)觀雲露營區,新竹縣,五峰鄉,121.099005,24.608613,新竹縣五峰鄉大隘村23鄰茅圃461之2號,,910945792,https://www.easycamp.com.tw/Store_2452.html
千鶴營地,新竹縣,五峰鄉,121.140384,24.617538,新竹縣五峰鄉竹林村1鄰羅山23之13號臨,,915578337,http://www.fago.com.tw/store/?useno=0915578337
田家山莊(原名)蟬說：霧語,新竹縣,五峰鄉,121.082,24.584638,新竹縣五峰鄉桃山村18鄰白蘭315之3號,988519118,917168752,https://www.chanshuo.tw/wooyuu-zh/
迦心休閒露營區(原名)巴萬五峰露營區,新竹縣,五峰鄉,121.174906,24.659761,新竹縣五峰鄉花園村10鄰天湖205之6號1樓,,919377817,https://m.icamping.app/store/bwwf655
斯卡嵐慕露營區,新竹縣,五峰鄉,121.091825,24.613169,新竹縣五峰鄉大隘村23鄰茅圃480之1號,,975390775,https://m.icamping.app/store/sklm538
拉哢露營區,新竹縣,五峰鄉,121.087782,24.575265,新竹縣五峰鄉桃山村18鄰白蘭311之42號,,932938746,https://www.facebook.com/Lalum31142/?locale=zh_TW
谷亮露營區,新竹縣,五峰鄉,121.144769,24.636419,新竹縣五峰鄉竹林村1鄰羅山1之1號,,934306032,https://www.easycamp.com.tw/tvc/tvc_video/388https://www.facebook.com/GuLiangYuanLuYingQu/?locale=zh_TW
和平柿外佳園,新竹縣,五峰鄉,121.112416,24.621695,,,985003469,
天湖露營區,新竹縣,五峰鄉,121.162995,24.66466,新竹縣五峰鄉花園村10鄰天湖218之11號臨,,911215732,https://www.facebook.com/greenstyle.fun/?locale=zh_TW
蟬說：霧繞露營A區,新竹縣,五峰鄉,,,,,988519118,
楓櫻杉露營場,新竹縣,五峰鄉,121.17214,24.659423,,,912240828,https://www.facebook.com/utopiacampsite/
有你真好阿嬌露營區,新竹縣,五峰鄉,121.144646,24.627953,,,937757076,
移動城堡露營區,新竹縣,五峰鄉,121.089868,24.583633,新竹縣五峰鄉桃山村18鄰白蘭310之3號,,975973266,http://www.breezecastle.tw/https://www.facebook.com/BreeezeCastle/?locale=zh_TW
舞之海露營場,新竹縣,五峰鄉,,,,,936921840,
高山寨露營區,新竹縣,五峰鄉,121.140541,24.659052,五峰鄉花園村比來４鄰７８之１號,,988920916,https://m.icamping.app/store/gsz149
梅后蔓露營區,新竹縣,五峰鄉,121.156346,24.653569,新竹縣五峰鄉花園村8鄰花園185-11號,,965030988,https://www.easycamp.com.tw/Store_2302.htmlhttps://www.facebook.com/mehuman.camp/?locale=zh_TW
野馬農園露營區,新竹縣,五峰鄉,121.124242,24.532017,新竹縣五峰鄉桃山村20鄰民石362號,,939615013,https://www.facebook.com/profile.php?id=100057394220675
賓。狗窩露營區,新竹縣,五峰鄉,121.168123,24.653107,新竹縣五峰鄉花園村9鄰天湖196-5號,,911959659,http://www.bingohouse.com.tw/
花園營地(原名)104蓪草花園營地,新竹縣,五峰鄉,121.156875,24.644296,新竹縣五峰鄉花園村6鄰花園121之2臨,,978507737,https://m.icamping.app/store/tthy407
愛上天湖露營區,新竹縣,五峰鄉,121.159636,24.652656,新竹縣五峰鄉花園村9鄰天湖196-2號,,965210580,https://www.easycamp.com.tw/Store_1757.htmlhttps://www.facebook.com/profile.php?id=100064320660313
B612 夕淞度日,新竹縣,五峰鄉,121.134599,24.613774,新竹縣五峰鄉竹林村1鄰羅山24之22號,,933793714,https://www.facebook.com/B612pascal/
無名露營區,新竹縣,五峰鄉,121.167896,24.66621,新竹縣五峰鄉花園村10鄰,,978258788,https://www.facebook.com/p/ï¼E7ï¼84ï¼A1ï¼E5ï¼90ï¼8Dï¼E9ï¼9Cï¼B2ï¼E7ï¼87ï¼9Fï¼E5ï¼8Dï¼80-100069136915671/
松木青露營區,新竹縣,五峰鄉,121.093911,24.632258,新竹縣五峰鄉大隘村14鄰大隘266號,,968268419,https://www.facebook.com/opasobay/
鐵露局露營區,新竹縣,五峰鄉,121.165977,24.66228,新竹縣五峰鄉花園村10鄰天湖221之5號臨,,928801980,https://m.icamping.app/store/tlj057https://www.facebook.com/ironstationcamping
浮雲杉林(原名)蟬說：霧繞露營區,新竹縣,五峰鄉,121.095642,24.577353,新竹縣五峰鄉花園村010鄰天湖２１９之３１號臨,,921980143,https://www.chanshuo.tw/woorao/
香吉樂活露營趣,新竹縣,五峰鄉,121.146319,24.626281,新竹縣五峰鄉竹林村2鄰羅山31號,,921096851,https://yaway035851112.business.site/
白蘭時光露營區,新竹縣,五峰鄉,121.085564,24.579844,新竹縣五峰鄉桃山村18鄰白蘭311之37號,,911107640,https://m.icamping.app/store/brsk291https://www.facebook.com/bailantimecampingland/
有愛一家露營區,新竹縣,五峰鄉,121.139623,24.619889,五峰鄉竹林村1鄰羅山23之5號,,982824338,https://reurl.cc/M8j2Gn
山的那一邊露營區,新竹縣,五峰鄉,121.08527,24.579028,新竹縣五峰鄉桃山村18鄰白蘭311之37號,,989210845,https://m.icamping.app/store/sdny431https://www.facebook.com/sdny431/?locale=zh_TW
大東田露營地,新竹縣,五峰鄉,121.155756,24.644741,新竹縣五峰鄉花園村6鄰花園121之5號,,921632597,https://m.icamping.app/store/ddt267
迦南山莊,新竹縣,五峰鄉,121.08981,24.585463,新竹縣五峰鄉桃山村18鄰白蘭305之6號,35856031,911612634,https://www.facebook.com/profile.php?id=100070658572485
樂哈山營地,新竹縣,五峰鄉,121.079895,24.575235,新竹縣五峰鄉桃山村18鄰白蘭311之4號,,932742480,https://www.facebook.com/lohasancamp/?locale=zh_TW
櫻之林露營區,新竹縣,五峰鄉,121.092202,24.632211,新竹縣五峰鄉大隘村14鄰大隘270之1號臨,,966266058,https://tw-camping.tw/hotel_info.asp?hid=83
比拉多露營區,新竹縣,五峰鄉,121.12272,24.643722,新竹縣五峰鄉大隘村2鄰25號,,933118253,https://m.icamping.app/store/bldd518
梅山頂景觀露營區,新竹縣,五峰鄉,121.140376,24.615807,新竹縣五峰鄉竹林村1鄰羅山24之10號,,937030737,https://reurl.cc/dDy3my
得碇休閒山莊,新竹縣,五峰鄉,121.084237,24.57591,新竹縣五峰鄉桃山村18鄰白蘭311之20號,35856587,910215446,https://www.facebook.com/doting0625/?locale=zh_TW
嘉揚露營區,新竹縣,五峰鄉,121.087858,24.578825,新竹縣五峰鄉桃山村18鄰白蘭302之6號臨,,928637557,https://www.facebook.com/jy296/?locale=zh_TW
野足營地,新竹縣,五峰鄉,121.169196,24.651516,新竹縣五峰鄉花園村9鄰天湖196-6號,,900116853,https://17camping.ezhotel.com.tw/37https://www.facebook.com/campingyai/?locale=zh_TW
星空夜語露營區,新竹縣,五峰鄉,121.132482,24.541511,,,922010170,
幸福的仙園,新竹縣,五峰鄉,121.089479,24.627939,新竹縣五峰鄉大隘村14鄰291之6號臨,,934222992,https://reurl.cc/3x34Rj
星月北埔,新竹縣,北埔鄉,121.0545,24.688244,新竹縣北埔鄉大林村1鄰大林街61之1號臨,,981091427,https://www.bing.com/search?q=_星月北埔&qs=n&form=QBRE&sp=-1&pq=&sc=10-0&sk=&cvid=FDFC2B4D5819439AAE4A79DF7B57C049&ghsh=0&ghacc=0&ghpl=https://www.facebook.com/campinginbeipu/?locale=zh_TW
星月天空露營地,新竹縣,北埔鄉,121.073948,24.678523,新竹縣北埔鄉大湖村10鄰下大湖22之30號,,933791622,https://m.icamping.app/store/bpxytk095https://www.facebook.com/starmoonskycamp/?locale=zh_TW
沐熙山林(原名:日光山城),新竹縣,北埔鄉,121.076909,24.679485,新竹縣北埔鄉大湖村12鄰下大湖22之20號臨,,,
穿山甲咖啡露營休閒莊園,新竹縣,北埔鄉,120.996923,24.702139,新竹縣北埔鄉南埔村5鄰番婆坑8之22號,,952303130,https://m.icamping.app/store/csj478https://www.facebook.com/profile.php?id=100063891736291
大湖山林,新竹縣,北埔鄉,121.087899,24.68946,,,,
永茂森林山莊,新竹縣,北埔鄉,121.060692,24.636895,新竹縣北埔鄉外坪村6鄰焿寮坪3之1號,,930103227,https://17camping.ezhotel.com.tw/126https://www.facebook.com/profile.php?id=100064044733846
星院露營區,新竹縣,北埔鄉,121.070409,24.690791,新竹縣北埔鄉大湖村10鄰下大湖10號,,932939203,
金名柏屋休閒農莊,新竹縣,北埔鄉,121.049047,24.6773889,新竹縣北埔鄉南坑村1鄰九分子2之19號,,"9,095,927,110,988,070,000",https://www.camptrip.com.tw/camp/%e9%87%91%e5%90%8d%e6%9f%8f%e5%b1%8b%e4%bc%91%e9%96%92%e8%be%b2%e8%8e%8a/https://www.facebook.com/toofatwu/?locale=zh_TW
香杉露營區,新竹縣,尖石鄉,121.211726,24.66881,新竹縣尖石鄉錦屏村4鄰錦屏49號,,910157842,
森林海,新竹縣,尖石鄉,121.2768,24.699,新竹縣尖石鄉新樂村10鄰煤源140之3號,,"9,722,102,150,920,920,000",https://www.facebook.com/ForestSeaTaiwan/?locale=zh_TW
馬里光瀑布原來營地,新竹縣,尖石鄉,121.333938,24.64454,,,938676210,
司馬庫斯舊部落營地 ,新竹縣,尖石鄉,121.3464,24.580103,新竹縣尖石鄉玉峰村14鄰斯馬庫斯39之1號臨,,"9,280,707,860,975,340,000",https://m.icamping.app/store/smks369https://www.facebook.com/camp.smangus/?locale=zh_TW
左岸臻美營地(原名)臻美露營場,新竹縣,尖石鄉,121.284407,24.714311,新竹縣尖石鄉新樂村8鄰煤源36之2號,,"9,311,676,910,939,900,000",https://www.easycamp.com.tw/Store_2504.htmlhttps://www.facebook.com/beautifulcamp888/?locale=zh_TW
小尖石露營區,新竹縣,尖石鄉,121.2497,24.7271,新竹縣尖石鄉新樂村13鄰煤源211號,,911125234,https://www.easycamp.com.tw/Store_1779.html
谷嘎的家,新竹縣,尖石鄉,121.18738,24.682473,新竹縣尖石鄉義興村9鄰馬胎80之2號臨,,936499258,https://www.facebook.com/profile.php?id=100063684530329
麥樹仁露營區,新竹縣,尖石鄉,121.20081,24.71108,新竹縣尖石鄉新樂村3鄰麥樹仁95之1號,,920175505,https://www.facebook.com/o35842269/?locale=zh_TW
Payan 露營區,新竹縣,尖石鄉,121.2481,24.7193,新竹縣尖石鄉新樂村11鄰煤源160之6號,,987050391,https://m.icamping.app/store/payan098https://www.facebook.com/payancamping
清心忘憂露營區,新竹縣,尖石鄉,121.172289,24.677192,新竹縣尖石鄉義興村9鄰馬胎107之2號臨,,932090382,https://m.icamping.app/store/cswy378
馬胎仙境露營區,新竹縣,尖石鄉,121.181498,24.682096,新竹縣尖石鄉義興村馬胎108-2號臨,,982111215,https://www.easycamp.com.tw/Store_835.htmlhttps://www.facebook.com/mataiwonderland/?locale=zh_TW
彩虹喬露營區,新竹縣,尖石鄉,121.205654,24.699054,新竹縣尖石鄉義興村2鄰尖石59之3號臨,,933790145,https://m.icamping.app/store/thc494https://www.facebook.com/fa9679/
原美露營區,新竹縣,尖石鄉,121.255,24.7357,新竹縣尖石鄉新樂村2鄰水田57號,,"9,583,253,790,926,600,000",https://m.icamping.app/store/ym482
快樂森活露營區,新竹縣,尖石鄉,121.2641381,24.73618109,新竹縣尖石鄉新樂村6鄰,,925172299,https://www.facebook.com/happylife.camp.chiu/?locale=zh_TW
慢森活露營區,新竹縣,尖石鄉,121.2689447,24.75133093,新竹縣尖石鄉新樂村4鄰水田139之5號,,912675125,https://www.easycamp.com.tw/tvc/tvc_video/430https://m.facebook.com/profile.php?id=201988989882246
吹上露營區,新竹縣,尖石鄉,121.220781,24.683624,新竹縣尖石鄉錦屏村6鄰吹上39號臨,,922346926,
浦楓露營區,新竹縣,尖石鄉,121.277601,24.642186,新竹縣尖石鄉秀巒村1鄰田埔7之1號臨,,911604144,https://www.facebook.com/a79k74/?locale=zh_TW
八五山甜柿森林,新竹縣,尖石鄉,121.281448,24.710604,新竹縣尖石鄉新樂村8鄰煤源51之1號,,978095080,https://www.camptrip.com.tw/camp/%e5%85%ab%e4%ba%94%e5%b1%b1%e7%94%9c%e6%9f%bf%e6%a3%ae%e6%9e%97/https://www.facebook.com/kakiforest
秘花園休閒露營區,新竹縣,尖石鄉,121.247717,24.677441,新竹縣尖石鄉錦屏村12鄰那羅209號,,932324689,https://mystery-garden.com.tw/information
富爸營地 (往營地叉路口),新竹縣,尖石鄉,121.189895,24.688609,新竹縣尖石鄉義興村馬胎108-2號臨,,978053180,https://www.facebook.com/people/ï¼E5ï¼AFï¼8Cï¼E7ï¼88ï¼B8ï¼E7ï¼87ï¼9Fï¼E5ï¼9Cï¼B0/100063638000797/?locale=bs_BAï¼paipv=0ï¼eav=AfbmMfiYpAqxGt9YbHlXqdB4D3QGw58kXNBBMwbLr87LO8GRzY66hgcIX3EVFnStH_Eï¼_rdr
清悠忘我露營區,新竹縣,尖石鄉,121.269003,24.736489,新竹縣尖石鄉新樂村5鄰水田148之3號臨,,925057300,https://m.icamping.app/store/cyw362https://www.facebook.com/ccw61124ccw/
景色天地露營區,新竹縣,尖石鄉,121.154415,24.67524,新竹縣尖石鄉義興村7鄰馬胎21-7號,,965397206,https://m.icamping.app/store/jstd143https://www.facebook.com/LINEID0965397206/?locale=zh_TW
南天筑露營區,新竹縣,尖石鄉,121.182149,24.682017,新竹縣尖石鄉義興村9鄰馬胎108之5號臨,,934038752,https://campground-199.business.site/https://www.facebook.com/Common.Nandina1085
668 露營區,新竹縣,尖石鄉,121.2678,24.7501,新竹縣尖石鄉新樂村水田4鄰139號,35842585,921014046,https://www.668camping.com.tw/info.html
尤命的帳幕(原名)尤命築園露營區,新竹縣,尖石鄉,121.275784,24.715494,新竹縣尖石鄉新樂村煤源8鄰41號,,978823458,https://www.easycamp.com.tw/TV_426.htmlhttps://m.facebook.com/profile.php?id=434630144000611
觀星賞月露營區,新竹縣,尖石鄉,,,新竹縣尖石鄉義興村9鄰馬胎168之5號,,937136505,https://www.easycamp.com.tw/Store_2556.htmlhttps://hostel.url.com.tw/home/1093
司馬庫斯達宴露營區,新竹縣,尖石鄉,121.346538,24.581736,新竹縣尖石鄉玉峰村14鄰斯馬庫斯24號,,978980142,https://www.easycamp.com.tw/Store_2166.htmlhttps://www.facebook.com/profile.php?id=100057643660713
達茂林露營農場(原名)達茂林露營休閒農莊,新竹縣,尖石鄉,121.2688,24.7408,新竹縣尖石鄉新樂村5鄰水田140之1號,,913020853,
米達樂也露營區,新竹縣,尖石鄉,121.247768,24.719984,新竹縣尖石鄉新樂村11鄰煤源160之7號,,987367067,
露頂季露營區,新竹縣,尖石鄉,121.1764769,24.68036364,,,,
自在茗園露營區,新竹縣,尖石鄉,121.270159,24.7416037,新竹縣尖石鄉新樂村6鄰水田179號,,937828890,https://www.facebook.com/zizai1314/?locale=zh_TW
哈用民宿,新竹縣,尖石鄉,121.260222,24.588222,新竹縣尖石鄉秀巒村12鄰養老6之1號,35847932,937829443,https://www.easycamp.com.tw/tvc/tvc_video/420https://www.facebook.com/profile.php?id=744627682396192&paipv=0&eav=AfZA1rQaOQAlkseUmZSULI4vxuyMFbVCz6sYi19EOS3KWg9SsuwHrHDQ-fThyesJS9E&_rdr
舒活露營區,新竹縣,尖石鄉,121.254257,24.739899,新竹縣尖石鄉新樂村2鄰水田69-3號臨,,918261847,
歐莎露營區,新竹縣,尖石鄉,121.230273,24.695727,新竹縣尖石鄉錦屏村2鄰比麟46之2號,,,https://www.easycamp.com.tw/Store_2288.htmlhttps://www.facebook.com/osacamping/
梅淮露營區,新竹縣,尖石鄉,121.214432,24.682936,新竹縣尖石鄉梅花村1鄰梅花7之2號,,915088983,https://www.facebook.com/A0970887187/?locale=zh_TW
趣山林露營區,新竹縣,尖石鄉,121.193788,24.659997,,,939277994,https://www.facebook.com/profile.php?id=100065017088702
水田谷露營區,新竹縣,尖石鄉,121.261566,24.743277,新竹縣尖石鄉新樂村4鄰水田123-1號臨,,963552896,http://www.stvalley.com.tw/info.html
豪祥露營區,新竹縣,尖石鄉,121.227048,24.674333,新竹縣尖石鄉錦屏村7鄰那羅25之2號,,906989480,https://m.icamping.app/store/hs240https://www.facebook.com/profile.php?id=100057259856063
芭芘蕾咖啡(原名)芭芘蕾露營區,新竹縣,尖石鄉,121.266487,24.749353,新竹縣尖石鄉新樂村4鄰水田139之1號臨,,911012845,https://www.easycamp.com.tw/Store_827.html
樂奔露營區,新竹縣,尖石鄉,121.2724,24.73332,新竹縣尖石鄉新樂村6鄰水田150之5號臨,,905723767,https://www.facebook.com/atayalcamping/?locale=zh_TW
尖石夢田露營區,新竹縣,尖石鄉,121.217483,24.727696,新竹縣尖石鄉嘉樂村5鄰麥樹仁270之5號,,932343774,https://www.easycamp.com.tw/Store_2508.htmlhttps://www.facebook.com/profile.php?id=100064068878196
水田營地,新竹縣,尖石鄉,121.259365,24.735227,新竹縣尖石鄉新樂村7鄰水田190號,35841005,936130385,
露營樂3號店臻美館,新竹縣,尖石鄉,121.2843,24.7144,新竹縣尖石鄉新樂村8鄰煤源36之2號,,"93,990,820,909,397,900,000",https://www.easycamp.com.tw/Store_2554.html
函館露營區,新竹縣,尖石鄉,121.17457,24.679996,新竹縣尖石鄉義興村9鄰馬胎107-1號臨,,919445898,http://hanguancamping.com/
喜樂露營區,新竹縣,尖石鄉,121.160256,24.680122,新竹縣尖石鄉義興村9鄰馬胎22之9號臨,,937343965,https://m.icamping.app/store/xl164https://www.facebook.com/happy.camping2331/?locale=zh_TW
芯岳露營區,新竹縣,尖石鄉,121.212893,24.667442,新竹縣尖石鄉錦屏村4鄰錦屏52之2號臨,,905512918,https://www.facebook.com/shinyuch/?locale=zh_TW
馬月台露營區,新竹縣,尖石鄉,,,新竹縣尖石鄉義興村7鄰馬胎21之6號臨,35842335,988626307,https://www.easycamp.com.tw/Store_2151.htmlhttps://www.facebook.com/people/%E9%A6%AC%E6%9C%88%E5%8F%B0%E9%9C%B2%E7%87%9F%E5%8D%80/100054601352449/
彩虹山嶺,新竹縣,尖石鄉,121.184434,24.678978,新竹縣尖石鄉義興村9鄰馬胎93之1號臨,,935076781,https://www.rainbowmount.com/
綠宥子甜柿果園露營區,新竹縣,尖石鄉,121.2709,24.7082,新竹縣尖石鄉新樂村10鄰煤源65之3號,,,https://www.easycamp.com.tw/Store_2015.htmlhttps://www.facebook.com/profile.php?id=100057444430185
嫻嫻＆棠棠露營區,新竹縣,尖石鄉,121.218,24.731,新竹縣尖石鄉嘉樂村7鄰嘉樂60號,,922169141,https://www.facebook.com/tung0830/?locale=zh_TW
飛高高露營區,新竹縣,尖石鄉,121.235477,24.72224876,新竹縣尖石鄉嘉樂村14鄰嘉樂160號,35842268,,https://www.camptrip.com.tw/camp/%E9%A3%9B%E9%AB%98%E9%AB%98%E9%9C%B2%E7%87%9F%E5%8D%80/https://www.facebook.com/BALI2268/
遇見嵨繞,新竹縣,尖石鄉,121.279654,24.657875,新竹縣尖石鄉玉峰村1鄰宇老9號,,"9,170,858,030,930,610,000",https://www.easycamp.com.tw/Store_1996.htmlhttps://www.facebook.com/profile.php?id=100063840106485
迎風露營廣場,新竹縣,尖石鄉,121.254279,24.722969,新竹縣尖石鄉新樂村11鄰拉號部落,,932379004,
櫻花谷露營區,新竹縣,尖石鄉,121.2642,24.7476,新竹縣尖石鄉新樂村4鄰水田36之1號,,919569886,https://www.camptrip.com.tw/camp/%e6%ab%bb%e8%8a%b1%e8%b0%b7%e9%9c%b2%e7%87%9f%e5%8d%80/https://www.facebook.com/sakuravalley/
怪獸綠境露營區,新竹縣,尖石鄉,121.2736,24.743,新竹縣尖石鄉新樂村6鄰水田149號旁,,937868665,https://www.facebook.com/people/%E5%B0%96%E7%9F%B3%E6%80%AA%E7%8D%B8%E7%B6%A0%E5%A2%83%E9%9C%B2%E7%87%9F%E5%8D%80/100054309498846/
那羅仙境露營區,新竹縣,尖石鄉,121.251438,24.68495,新竹縣尖石鄉錦屏村11鄰那羅177之3號,,975814689,https://www.easycamp.com.tw/tvc/tvc_video/469https://reurl.cc/y7L2ay
航道休閒露營區,新竹縣,尖石鄉,121.257271,24.73284,新竹縣尖石鄉新樂村7鄰水田185號,,937019412,https://17camping.ezhotel.com.tw/77https://www.facebook.com/Channel.leisure/?locale=zh_TW
河岸營地(原名)老鷹溪107號營地,新竹縣,尖石鄉,121.280588,24.662299,新竹縣尖石鄉玉峰村1鄰宇老7號,,910955372,https://www.facebook.com/groups/1399151243660118/
晨堡露營區(原名)熊麻吉親子露營區,新竹縣,尖石鄉,121.247757,24.67771,新竹縣尖石鄉錦屏村12鄰那羅209之7號,,919991616,https://www.easycamp.com.tw/tvc/tvc_video/2911
高台山露營區,新竹縣,尖石鄉,121.224911,24.664069,新竹縣尖石鄉錦屏村7鄰那羅26號,,928139400,https://www.easycamp.com.tw/Store_837.htmlhttps://www.facebook.com/wpg6663g/?locale=zh_TW
谷漢休閒露營區,新竹縣,尖石鄉,121.232495,24.724383,新竹縣尖石鄉嘉樂村14鄰160之1號,,"9,786,198,800,976,160,000",https://m.icamping.app/store/gh430
田野露營區,新竹縣,尖石鄉,121.213189,24.671856,新竹縣尖石鄉錦屏村5鄰錦屏84號,,955647080,https://www.facebook.com/profile.php?id=100063997751738
雪花的露營區,新竹縣,尖石鄉,121.19383,24.667641,新竹縣尖石鄉梅花村9鄰梅花236號臨,,919791154,https://m.icamping.app/store/xhdj102https://www.facebook.com/snowflake068
晴空森林露營地,新竹縣,尖石鄉,121.25946,24.685804,,,921556563,https://www.easycamp.com.tw/Store_2516.htmhttps://www.facebook.com/skyforestcamping/?locale=zh_TWl
Yutas 悠達思露營區,新竹縣,尖石鄉,,,新竹縣尖石鄉玉峰村6鄰宇抬36之2號,,972102007,https://www.easycamp.com.tw/Store_776.htmlhttps://www.facebook.com/yutas0972102007/?locale=zh_TW
相思園,新竹縣,尖石鄉,121.224098,24.707556,新竹縣尖石鄉錦屏村2鄰比麟96號臨,35841989,928597356,https://www.camptrip.com.tw/camp/%E7%9B%B8%E6%80%9D%E5%9C%92%E6%99%AF%E8%A7%80%E9%9C%B2%E7%87%9F%E5%8D%80/https://www.facebook.com/Acaciapark.camping?locale=zh_TW
寶石蘭露營區,新竹縣,尖石鄉,121.219231,24.733044,新竹縣尖石鄉嘉樂村7鄰嘉樂61之8號,,975168375,https://www.facebook.com/Jewel.orchids.tw/about?locale=zh_TW
梅花天湖農園,新竹縣,尖石鄉,121.175873,24.660645,新竹縣尖石鄉梅花村8鄰梅花227號,,912442539,https://www.easycamp.com.tw/Store_787.html
印象尖石露營區,新竹縣,尖石鄉,121.2664,24.7236,新竹縣尖石鄉新樂村8鄰煤源29之3號,,972812369,https://www.easycamp.com.tw/Store_2226.htmlhttps://www.facebook.com/profile.php?id=100068649494231
好馬露營區,新竹縣,尖石鄉,121.2469741,24.73215758,新竹縣尖石鄉新樂村12鄰煤源174之1號,,975211698,https://www.facebook.com/profile.php?id=2072077849690205&paipv=0&eav=AfZPE6J9h9_JRMSdeSnx1RXuw4UQsqbjL8pps_a1z9VgpeBztbCXftWE5NyiOTeurw0&_rdr
尖石之美露營區,新竹縣,尖石鄉,121.262067,24.724241,新竹縣尖石鄉新樂村8鄰煤源1之1號,,963009058,https://hostel.url.com.tw/home/1627https://www.facebook.com/jianshimei/
老爹打樁露營區,新竹縣,尖石鄉,121.263006,24.690049,新竹縣尖石鄉錦屏村10鄰那羅152之1號臨,,978962837,http://www.pilingdaddy.com/https://www.facebook.com/pilingdaddy/?locale=zh_TW
泰里埔露營區,新竹縣,尖石鄉,121.2955948,24.67139657,新竹縣尖石鄉玉峰村3鄰玉峰24號,,913897005,https://www.easycamp.com.tw/Store_2417.htmlhttps://www.facebook.com/LibuwnaTayalcampvibes/?locale=zh_TW
美樹營地,新竹縣,尖石鄉,121.305211,24.654071,新竹縣尖石鄉玉峰村6鄰宇抬20號,,937141993,https://www.easycamp.com.tw/tvc/tvc_video/478https://www.facebook.com/groups/542076659205755/
新竹尖石_悠野âS露營區,新竹縣,尖石鄉,121.2680178,24.70956758,新竹縣尖石鄉123號,35842196,,https://www.yoyesglpg.com/
霧津山林,新竹縣,尖石鄉,121.183883,24.679358,新竹縣尖石鄉義興村9鄰馬胎93-2號,35842268,921181720,
6 號花園,新竹縣,尖石鄉,121.256009,24.717332,新竹縣尖石鄉新樂村拉號部落,,988605205,http://www.6garden.com/
閑情園,新竹縣,尖石鄉,121.205521,24.68252,,,937062436,https://m.icamping.app/store/xqy091https://www.facebook.com/pastimetw/?locale=zh_TW
烏米的家露營區,新竹縣,尖石鄉,121.245171,24.682015,新竹縣尖石鄉錦屏村9鄰那羅80之2號,,932285992,https://www.easycamp.com.tw/Store_2507.htmlhttps://www.facebook.com/Umis.home/?locale=zh_TW
紅薔薇景觀花園餐廳,新竹縣,尖石鄉,121.255328,24.714422,新竹縣尖石鄉新樂村11鄰拉號部落,,922625383,https://www.facebook.com/profile.php?id=100057187400669
怡然自德露營區,新竹縣,尖石鄉,,,新竹縣尖石鄉梅花村8鄰梅花227-1臨,,905672095,
回薌庭露營區,新竹縣,尖石鄉,121.210182,24.668442,新竹縣尖石鄉錦屏村4鄰錦屏52之3號,,937272072,https://www.bing.com/search?q=%E5%9B%9E%E8%96%8C%E5%BA%AD%E9%9C%B2%E7%87%9F%E5%8D%80&qs=n&form=QBRE&sp=-1&pq=%E5%9B%9E%E8%96%8C%E5%BA%AD%E9%9C%B2%E7%87%9F%E5%8D%80&sc=1-6&sk=&cvid=4837E20C0C974DA2AC2F4D22D16BE798&ghsh=0&ghacc=0&ghpl=https://www.facebook.com/groups/912720475450797/
梅花山莊,新竹縣,尖石鄉,,,新竹縣尖石鄉梅花村6鄰148號,35841843,,https://www.easycamp.com.tw/Store_805.htmlhttps://www.facebook.com/profile.php?id=100064300705509
田埔露營區,新竹縣,尖石鄉,,,新竹縣尖石鄉秀巒村1鄰田埔57號,,905618850,https://m.icamping.app/store/tp365https://www.facebook.com/tp365camping/
尖石之星二館,新竹縣,尖石鄉,121.186917,24.681977,,,922010170,https://www.facebook.com/piehching/
築夢山城休閒農場,新竹縣,尖石鄉,121.174783,24.671495,新竹縣尖石鄉義興村9鄰馬胎168號,,917153878,https://www.facebook.com/Andydreamcafe/?locale=zh_TW
如果露營區,新竹縣,尖石鄉,121.216611,24.731998,新竹縣尖石鄉嘉樂村7鄰嘉樂61號,,905659980,https://www.easycamp.com.tw/Store_2224.htmlhttps://www.facebook.com/IfCampArea/?locale=zh_TW
馬胎 227 露營區,新竹縣,尖石鄉,121.158837,24.676854,新竹縣尖石鄉義興村7鄰馬胎22-7號,35842789,,https://www.easycamp.com.tw/Store_2473.htmlhttps://www.facebook.com/mkmatuy227camping/?locale=zh_TW
起初露營區2館,新竹縣,尖石鄉,,,,,,
溪遊記露營區,新竹縣,尖石鄉,121.172063,24.691129,新竹縣尖石鄉義興村6鄰馬胎3-2號,,963380835,https://www.easycamp.com.tw/Store_2517.htmlhttps://www.facebook.com/jiouwu95/
梅花梯田露營區,新竹縣,尖石鄉,121.200969,24.683506,新竹縣尖石鄉梅花村3鄰梅花79之3號臨,,958987418,https://www.easycamp.com.tw/Store_2394.htmlhttps://www.facebook.com/plumcamping/?locale=zh_TW
悠勝美地露營場,新竹縣,尖石鄉,,,,,,
萬里山園,新竹縣,尖石鄉,121.316339,24.69273,新竹縣尖石鄉玉峰村8鄰馬美30號,35847463,,https://www.facebook.com/wanli.0933859136/?locale=zh_TW
星光閃閃(原682)露營區,新竹縣,尖石鄉,121.286425,24.663067,新竹縣尖石鄉玉峰村1鄰宇老7之6號,,"9,375,169,400,988,520,000",https://www.easycamp.com.tw/Store_2403.htmlhttps://www.facebook.com/uhanwalis/?locale=zh_TW
雷沙達岜斯露營區,新竹縣,尖石鄉,121.168982,24.687756,新竹縣尖石鄉義興村6鄰馬胎3-2號,,903979159,https://www.easycamp.com.tw/Store_2457.htmlhttps://www.facebook.com/LeishaDabasi/?locale=zh_TW
自然野趣營地,新竹縣,尖石鄉,121.268044,24.729816,新竹縣尖石鄉新樂村6鄰水田150之3號,,937000513,https://www.easycamp.com.tw/Store_1810.htmlhttps://www.facebook.com/naturefuncamp888/?locale=zh_TW
自由大地露營區,新竹縣,尖石鄉,121.199397,24.678345,新竹縣尖石鄉梅花村6鄰梅花138之1號旁,,966518507,https://www.facebook.com/FreelandCamp2017/?locale=zh_TW
八五森林露營地,新竹縣,尖石鄉,121.280464,24.717813,新竹縣尖石鄉新樂村8鄰煤源36之6號,,975977059,https://85froestcampground.business.site/https://www.facebook.com/nicecamp/?locale=zh_TW
春文草堂,新竹縣,尖石鄉,121.186321,24.682155,新竹縣尖石鄉義興村9鄰馬胎80之10號,,920632269,https://www.camptrip.com.tw/camp/ï¼E6ï¼98ï¼A5ï¼E6ï¼96ï¼87ï¼E8ï¼8Dï¼89ï¼E5ï¼A0ï¼82/https://www.facebook.com/profile.php?id=100063951913453
小夫妻露營區,新竹縣,尖石鄉,121.223502,24.680596,新竹縣尖石鄉錦屏村6鄰吹上39之1號,,983717617,https://www.camptrip.com.tw/camp/ï¼E5ï¼B0ï¼8Fï¼E5ï¼A4ï¼ABï¼E5ï¼A6ï¼BBï¼E9ï¼9Cï¼B2ï¼E7ï¼87ï¼9Fï¼E5ï¼8Dï¼80/https://www.facebook.com/profile.php?id=100070466640387
首嶺優號露營地,新竹縣,尖石鄉,121.230862,24.683937,新竹縣尖石鄉錦屏村7鄰那羅13之1號臨,,987147659,https://www.facebook.com/tzs399/?locale=zh_TW
山林涼露營區,新竹縣,尖石鄉,121.205814,24.700469,新竹縣尖石鄉義興村2鄰馬胎51之1號,,920770179,https://www.facebook.com/profile.php?id=100063530365940
北得拉曼露營場,新竹縣,尖石鄉,,,新竹縣尖石鄉新樂村6鄰水田150之2號,,989166690,https://m.icamping.app/store/bdlm027https://www.facebook.com/bdlmcamping
小熊森林露營區,新竹縣,尖石鄉,121.2476,24.7215,新竹縣尖石鄉新樂村煤源160-9號,,930753877,https://www.facebook.com/bearforest2017/?locale=zh_TW
童話森林露營區,新竹縣,尖石鄉,,,新竹縣尖石鄉新樂村水田149號,,932222037,
森林遇露營區,新竹縣,尖石鄉,121.213875,24.731955,新竹縣尖石鄉嘉樂村5鄰麥樹仁270之11號,,"9,877,562,620,935,830,000",https://m.icamping.app/store/sly504
螢火蟲露營區,新竹縣,尖石鄉,121.234216,24.724392,新竹縣尖石鄉嘉樂村160號之1,,963094953,https://www.facebook.com/firefly122/?locale=zh_TW
參陳山露營區,新竹縣,尖石鄉,121.166617,24.683119,,,,https://www.easycamp.com.tw/Store_2415.html
天空小木屋露營場,新竹縣,尖石鄉,,,,,,
起初露營區1館,新竹縣,尖石鄉,121.192823,24.65736,新竹縣尖石鄉梅花村3鄰梅花242之6號,,965383713,https://www.genesiscreate0129.com.tw/
明當家園,新竹縣,尖石鄉,121.259956,24.734098,新竹縣尖石鄉新樂村7鄰水田190之1號,,,https://m.icamping.app/store/mdjy406https://www.facebook.com/tomorrow406/
仙境露營區,新竹縣,尖石鄉,121.222511,24.680003,新竹縣尖石鄉錦屏村6鄰吹上39之2號,,970678110,https://www.facebook.com/profile.php?id=100064673236765
尖石之星一館,新竹縣,尖石鄉,121.173417,24.679083,,,922010170,https://www.facebook.com/piehching/
Hi 燥樹排露營地,新竹縣,竹東鎮,121.087387,24.672476,新竹縣竹東鎮瑞峰里5鄰燥樹排段31之12號臨,35949799,928534125,https://hi-campground.business.site/https://www.facebook.com/hizaoshupai/?locale=zh_TW
露營盒子,新竹縣,峨眉鄉,120.996902,24.702154,新竹縣峨眉鄉石井村1鄰1之9號,,"9,210,592,910,981,900,000",https://www.easycamp.com.tw/Store_2543.html
勝豐休閒農莊,新竹縣,峨眉鄉,120.979408,24.677029,新竹縣峨眉鄉湖光村西河排14鄰7-1號,,"9,372,224,210,905,570,000",
吾家農場,新竹縣,峨眉鄉,120.982071,24.67625,新竹縣峨眉鄉湖光村環湖路14鄰8之8號,,,http://www.wufarms.com.tw/
靜月居,新竹縣,峨眉鄉,120.99427,24.671549,新竹縣峨眉鄉湖光村12鄰十二寮6之5號,35785364,929001580,https://www.camptrip.com.tw/camp/%e9%9d%9c%e6%9c%88%e5%b1%85/
新竹縣立峨眉國中露營場(峨眉營地),新竹縣,峨眉鄉,121.018673,24.690556,,,,
樂窩露營區,新竹縣,峨眉鄉,120.99144,24.673203,新竹縣峨眉鄉湖光村十二寮8之10號,,900554258,https://www.camptrip.com.tw/camp/%e6%a8%82%e7%aa%a9%e9%9c%b2%e7%87%9f%e5%8d%80/https://booking.camptrip.com.tw/hotel/%E6%A8%82%E7%AA%A9%E9%9C%B2%E7%87%9F%E5%8D%80
湖光山戀露營區,新竹縣,峨眉鄉,120.978,24.68117266,新竹縣峨眉鄉湖光村15鄰西河排18號,,937683753,https://hgsl.tw/
挪亞星舟露營農莊,新竹縣,新埔鎮,121.133924,24.854572,新竹縣新埔鎮鹿鳴里4鄰黃梨園28之15號,,928669286,https://campground-1449.business.site/https://www.facebook.com/noaharkone/
明園星空茶園,新竹縣,新埔鎮,121.135827,24.855984,新竹縣新埔鎮鹿鳴里4鄰黃梨園52之20號,,910822784,https://www.easycamp.com.tw/Store_2440.htmlhttps://www.facebook.com/mingyuantw/
南園清心園林休閒農場,新竹縣,新埔鎮,121.104262,24.868163,新埔鎮照門里6鄰九芎湖32號,35890011,,https://ezgo.coa.gov.tw/zh-TW/Front/Agri/Detail/145
小叮噹科學主題樂園的露營場,新竹縣,新豐鄉,120.977732,24.87124024,康和路199號,,,
大山北月-大山背客家人文生態館,新竹縣,橫山鄉,121.1389263,24.68572468,豐鄉村6鄰大山背80號,,,
野漾會館露營區(原名)野漾莊園,新竹縣,橫山鄉,121.189072,24.728056,新竹縣橫山鄉福興村5鄰馬福89號,,958222217,https://yeyangg.ezhotel.com.tw/
吉娜的家,新竹縣,橫山鄉,121.158928,24.709528,新竹縣橫山鄉豐田村2鄰油羅48之22號臨,,932502265,https://m.icamping.app/store/jndj454
萬瑞森林樂園,新竹縣,橫山鄉,121.1346556,24.70289651,橫山村 23 鄰 23 號,,,
北窩‧星空,新竹縣,橫山鄉,121.120247,24.696938,新竹縣竹東鎮五豐村23巷39弄8號,,929211960,https://www.camptrip.com.tw/camp/%e5%8c%97%e7%aa%a9-%e6%98%9f%e7%a9%ba/https://www.facebook.com/profile.php?id=100064370332026
楓林露營區,新竹縣,橫山鄉,,,新竹縣橫山鄉內灣村15鄰內灣35號,,906600025,https://www.facebook.com/profile.php?id=100057052586894
福興小農庄,新竹縣,橫山鄉,121.165093,24.728857,新竹縣橫山鄉福興村11鄰八十分104號,,905718837,https://www.easycamp.com.tw/Store_2560.htmlhttps://www.facebook.com/iyuanhouse/?locale=zh_TW
威尼斯內灣溫泉會館,新竹縣,橫山鄉,121.184227,24.70034,新竹縣橫山鄉內灣村15鄰內灣33號,35849966,912530622,https://www.hotspring-camp.com.tw/paper/other_select_index.php?id=46&title_id=695&group_id=17https://www.facebook.com/wns0966529066/
星月橫山,新竹縣,橫山鄉,121.1259,24.700611,新竹縣橫山鄉橫山村18鄰頭分林1之8號,35933867,932178928,http://www.starmoonhs.com/p2.htmlhttps://m.icamping.app/store/syhs625
大山背休閒農場,新竹縣,橫山鄉,121.134369,24.695684,新竹縣橫山鄉豐鄉村4鄰大山背52號,,988909769,https://www.facebook.com/dashanbei/?locale=zh_TW
內灣松林茶花露營區,新竹縣,橫山鄉,121.166389,24.715117,新竹縣橫山鄉力行村中山街一段188之3號臨,,972925156,https://m.icamping.app/store/slch546
遊橘露營區,新竹縣,橫山鄉,121.162969,24.726191,新竹縣橫山鄉福興村八十分鄰112之6號臨,,935067325,https://www.easycamp.com.tw/Store_2225.html
隱森居露營場,新竹縣,橫山鄉,121.157326,24.728822,,,,
拾階莊園,新竹縣,橫山鄉,121.18119,24.701186,,,,
油羅圓石露營區,新竹縣,橫山鄉,121.163734,24.708672,新竹縣橫山鄉豐田村1鄰油羅28號,,988321296,https://www.facebook.com/OriginalStoneCamping/?locale=zh_TW(FB)
斯摩亞露營地,新竹縣,關西鎮,121.250748,24.779873,新竹縣關西鎮錦山里9鄰錦山102之2臨,35478608,921964708,https://m.icamping.app/store/smy526
飛鳳園農場,新竹縣,關西鎮,121.123611,24.775543,新竹縣關西鎮新力里7鄰下橫坑80號,35868170,975666576,https://www.easycamp.com.tw/viewpoint/viewpoint_info/C1_376440000A_000401https://www.facebook.com/feifenyuan/?locale=zh_TW(FB)
羅馬之戀,新竹縣,關西鎮,121.224943,24.78355,新竹縣關西鎮金山里8鄰馬武督68號,,975969020,https://www.roman-love.idv.tw/
435挑水少年家,新竹縣,關西鎮,121.240913,24.766174,新竹縣關西鎮錦山里16鄰錦山182號,,911215436,https://m.icamping.app/store/tssnj174
萌萌噠露營窩,新竹縣,關西鎮,121.24061,24.775585,新竹縣關西鎮錦山里8鄰錦山82號,,989043586,https://www.facebook.com/wama1863/?locale=zh_TW(FB)
小蜜蜂休閒咖啡屋,新竹縣,關西鎮,121.250374,24.751542,新竹縣關西鎮錦山里20鄰233-1號,,938718799,https://m.icamping.app/store/hmf293
大象露營地,新竹縣,關西鎮,121.180901,24.814697,新竹縣關西鎮仁安里10鄰拱子溝26號,,985018795,https://www.camptrip.com.tw/camp/%E5%A4%A7%E8%B1%A1%E9%9C%B2%E7%87%9F%E5%9C%B0/https://www.facebook.com/guanxicamp/?locale=zh_TW(FB)
生活原鄉民宿露營區,新竹縣,關西鎮,121.248494,24.778761,新竹縣關西鎮錦山里9鄰錦山96之3號,,916176339,https://www.easycamp.com.tw/store/store_index/2003
萊馥健康休閒渡假村,新竹縣,關西鎮,121.206399,24.762976,新竹縣關西鎮玉山里2鄰12號,35476188,,https://www.livelife.com.tw/
月出山澗,新竹縣,關西鎮,121.182,24.81196882,新竹縣關西鎮仁安里9鄰拱子溝22號,,937805742,
樸真園露營區,新竹縣,關西鎮,121.242063,24.757919,,,,
彩虹田營地,新竹縣,關西鎮,121.184471,24.808151,新竹縣關西鎮仁安里8鄰拱子溝9號,,905368340,https://www.tw-camping.tw/hotel_info.asp?hid=57https://www.facebook.com/rainbowfield0908/(FB)
星野露營窩(原名)星墅露營窩,新竹縣,關西鎮,121.251293,24.77792,新竹縣關西鎮錦山里9鄰錦山99之9號,,905225385,https://m.icamping.app/store/xs151
青境花墅(原名)營墅風晴露營區,新竹縣,關西鎮,121.247992,24.778279,新竹縣關西鎮錦山里9鄰錦山96號,,981588205,https://m.icamping.app/store/ysfc433https://www.facebook.com/ddmama0812/?locale=zh_TW(FB)
石福山莊露營區,新竹縣,關西鎮,,,,,,
樸真園六曲窩露營區,新竹縣,關西鎮,121.241353,24.75843,新竹縣關西鎮錦山里18鄰錦山204號之9,,988788872,http://www.nature-chill.com.tw/271923049522290.html
雲水山露營區,嘉義縣,大埔鄉,120.5743624,23.25427789,,,,
八寶寮露營場A區,嘉義縣,中埔鄉,120.5193944,23.35409394,,,,
桃舍露營區,嘉義縣,中埔鄉,120.5760165,23.42062079,,,,
白石馬露營區,嘉義縣,中埔鄉,120.5776771,23.40879071,,,,
石臥牛露營區,嘉義縣,中埔鄉,120.580906,23.41111709,,,,
詩情花園度假村,嘉義縣,中埔鄉,120.5403714,23.44788828,,,,
八寶寮露營場B區,嘉義縣,中埔鄉,,,,,,
築夢森居露營場,嘉義縣,中埔鄉,120.52275,23.383668,,,,
吉恩典山丘,嘉義縣,水上鄉,120.4768373,23.42351456,嘉義縣水上鄉三界埔三界村214號,,,
納米運動休閒園區,嘉義縣,民雄鄉,120.4651551,23.55982892,嘉義縣民雄鄉豐收村196-5號,,,
塘湖古道農場,嘉義縣,竹崎鄉,120.6098329,23.52604435,嘉義縣竹崎鄉仁壽村福建坪5號,,,
光華露營區,嘉義縣,竹崎鄉,120.6760909,23.47980551,嘉義縣竹崎鄉光華村24號,,,
仙坪露螢區,嘉義縣,竹崎鄉,120.6849674,23.49447561,嘉義縣竹崎鄉光華村1鄰2-2號,,,
天一露營區,嘉義縣,竹崎鄉,120.6548256,23.48751726,嘉義縣竹崎鄉光華村11鄰茄苳仔29號,,,
Cozy Fun露營區,嘉義縣,竹崎鄉,,,,,,
仙腳趾景觀露營區,嘉義縣,竹崎鄉,120.5940162,23.49285386,嘉義縣竹崎鄉白杞村樟樹坪41-1號,,,
冠銘露營區,嘉義縣,竹崎鄉,120.684396,23.49101243,,,,
頂笨仔露營區(綠野仙蹤),嘉義縣,竹崎鄉,120.6741143,23.48003483,嘉義縣竹崎鄉光華村頂笨仔22號,,,
景山露營區,嘉義縣,竹崎鄉,120.672417,23.47973298,嘉義縣竹崎鄉光華村2鄰頂笨仔23號,,,
白樹腳驛站露營場,嘉義縣,竹崎鄉,120.5601237,23.526505,嘉義縣竹崎鄉復金村白樹腳22號,,,
山中曉露,嘉義縣,竹崎鄉,120.6844519,23.49215309,嘉義縣竹崎鄉光華村1鄰3號,,,
頂笨仔民宿露營區,嘉義縣,竹崎鄉,120.6806567,23.48324595,嘉義縣竹崎鄉光華村1鄰9號,,,
雲景咖啡露營區,嘉義縣,竹崎鄉,120.684717,23.4587905,嘉義縣竹崎鄉中和村永和5-9號,,,
九叔公露營區,嘉義縣,竹崎鄉,120.6724575,23.47994973,,,,
向禾休閒農場,嘉義縣,東石鄉,120.14863,23.507707,嘉義縣東石鄉鰲鼓村12鄰四股67-6號,53600959,,https://ezgo.ardswc.gov.tw/zh-TW/Front/Agri/Detail/1449
阿里山有機小農露營區,嘉義縣,阿里山鄉,120.7037669,23.47144233,嘉義縣阿里山鄉樂野村22號,,,
亞亞竹農莊,嘉義縣,阿里山鄉,120.7183687,23.39698828,嘉義縣阿里山鄉里佳村2鄰37號,,,
老鼠溪咖啡莊園營區(C區),嘉義縣,阿里山鄉,120.7353311,23.45266085,,,,
老鼠溪咖啡莊園營區(B區),嘉義縣,阿里山鄉,,,,,,
高美休閒營區,嘉義縣,阿里山鄉,120.7057203,23.47127785,嘉義縣阿里山鄉樂野村1鄰16-3號,,,
迷糊露營區,嘉義縣,阿里山鄉,120.7134292,23.47282441,嘉義縣阿里山鄉69號,,,
阿將的家獵人帳,嘉義縣,阿里山鄉,120.6980719,23.4614384,嘉義縣阿里山鄉樂野村4鄰129-6號,,,
晨光露營區,嘉義縣,阿里山鄉,120.705268,23.46413,,,,
有夠遠露營區,嘉義縣,阿里山鄉,120.7213166,23.40216733,嘉義縣阿里山鄉里佳村,,,
來灣哈露營區,嘉義縣,阿里山鄉,120.7007174,23.46273599,,,,
小森林農園露營區,嘉義縣,阿里山鄉,120.708795,23.46770857,嘉義縣阿里山鄉樂野村2鄰70-6號,,,
林間秘境露營場,嘉義縣,阿里山鄉,,,,,,
汪爸露營區,嘉義縣,阿里山鄉,120.6985646,23.4612968,嘉義縣阿里山鄉樂野村,,,
瓜地亞那露營區,嘉義縣,阿里山鄉,120.751104,23.4581865,,,,
杉緣星空露營區,嘉義縣,阿里山鄉,120.7186794,23.45622004,嘉義縣阿里山鄉樂野村8鄰,,,
哈莫瓦那露營區,嘉義縣,阿里山鄉,,,,,,
山樂園露營區（一起鄒咖啡店）,嘉義縣,阿里山鄉,120.7048974,23.47269396,,,,
伊利雅娜露營區,嘉義縣,阿里山鄉,120.762245,23.45732409,嘉義縣阿里山鄉達邦村特富野280號,,,
老鼠溪咖啡莊園營區(A區),嘉義縣,阿里山鄉,120.7289273,23.44861646,,,,
七彩琉璃生態農園,嘉義縣,阿里山鄉,120.7450132,23.43240958,嘉義縣阿里山鄉達邦村7鄰達德安175-3號,,,
倉伯露營區,嘉義縣,阿里山鄉,120.6982517,23.46118948,嘉義縣阿里山鄉樂野村4鄰129-11號,,,
禾田露營場,嘉義縣,阿里山鄉,120.7100695,23.46056684,嘉義縣阿里山鄉樂野村,,,
受不寮露營區,嘉義縣,阿里山鄉,120.756383,23.44823129,嘉義縣阿里山鄉達邦村,,,
羅老爸的家,嘉義縣,阿里山鄉,120.6976257,23.46017987,,,,
來灣哈B區露營場,嘉義縣,阿里山鄉,,,,,,
福山星月露營區,嘉義縣,阿里山鄉,120.7175518,23.45361159,,,,
露野之家,嘉義縣,梅山鄉,,,,,,
油車寮露營區,嘉義縣,梅山鄉,120.7063458,23.5342581,嘉義縣梅山鄉太和村油車寮7-18號,,,
大巃頂觀光茶園,嘉義縣,梅山鄉,120.6075179,23.55332977,嘉義縣梅山鄉太平村頂橋2-6號,,,
太平山露營區,嘉義縣,梅山鄉,120.6029351,23.56300854,,,,
日麗風合露營區,嘉義縣,梅山鄉,120.6629572,23.55837844,嘉義縣梅山鄉瑞峰村生毛樹25-3號,,,
瑞里雲淡風輕露營區,嘉義縣,梅山鄉,120.6664992,23.52982938,嘉義縣梅山鄉瑞里村科子林15-1號,,,
初果森造露營園區,嘉義縣,梅山鄉,120.6392083,23.55552552,嘉義縣梅山鄉太興村,,,
格瑞菈森林露營區,嘉義縣,梅山鄉,120.6651618,23.53861307,,,,
慢漫山林露營區,嘉義縣,梅山鄉,120.648928,23.5634285,,,,
琢英露營場,嘉義縣,梅山鄉,120.6279302,23.54824525,,,,
悅日松林,嘉義縣,梅山鄉,120.6292954,23.53695772,,,,
梅山古梅秘境露營區 ,嘉義縣,梅山鄉,120.5899581,23.55353738,,,,
振峯碧湖山新營區,嘉義縣,梅山鄉,120.6139082,23.56831466,,,,
良亭花岩露營區,嘉義縣,梅山鄉,120.7056183,23.51987091,嘉義縣梅山鄉太和村樟樹湖11-6號,,,
振峯製茶所,嘉義縣,梅山鄉,120.6068594,23.56095926,嘉義縣梅山鄉太平村48-16號,,,
太山農場露營區,嘉義縣,梅山鄉,120.7075227,23.53444983,,,,
許家茶園民宿露營區,嘉義縣,梅山鄉,120.6725447,23.54382716,,,,
小瓶秘境休閒農場,嘉義縣,梅山鄉,120.7308518,23.56187913,,,,
太和觀光果園露營區,嘉義縣,梅山鄉,120.7115868,23.52545946,,,,
半天岩10號露營區,嘉義縣,番路鄉,120.5961487,23.4633568,嘉義縣番路鄉民和村半天岩10號,,,
花田小露露營區,嘉義縣,番路鄉,120.6068549,23.44491014,,,,
三寶山露營區,嘉義縣,番路鄉,120.6053504,23.46183068,,,,
草地狀元露營區,嘉義縣,番路鄉,120.6264383,23.47951839,,,,
好柿抵嘉,嘉義縣,番路鄉,120.5988989,23.45122407,嘉義縣番路鄉埔尾52-3號,,,
花舞山嵐農莊(星知心露營區),嘉義縣,番路鄉,120.6484272,23.44306259,,,,
淺山尋露,嘉義縣,番路鄉,120.6445696,23.41619356,,,,
龍頂山露營區,嘉義縣,番路鄉,120.6618081,23.44942759,,,,
天長地久露營場,嘉義縣,番路鄉,,,,,,
水綠光露營知嘉,嘉義縣,番路鄉,120.6151904,23.4546628,,,,
期仙磴,嘉義縣,番路鄉,,,,,,
岩仔腳休閒露營區(老鷹區),嘉義縣,番路鄉,120.5864602,23.46031914,嘉義縣番路鄉民和村3鄰岩仔腳16-6號,,,
淳風皓月露營區,嘉義縣,番路鄉,120.6422806,23.42701223,,,,
星月傳說露營區,嘉義縣,番路鄉,120.6519095,23.42215564,嘉義縣番路鄉公田村隙頂75-20附8號,,,
梅王露營場,嘉義縣,番路鄉,120.5894646,23.46008706,嘉義縣番路鄉民和村大華公路六段,,,
岩仔腳休閒露營區(兔子區),嘉義縣,番路鄉,120.586572,23.46007303,,,,
星晴朗露營區,嘉義縣,番路鄉,,,,,,
歸樸露營場,嘉義縣,番路鄉,120.553199,23.455826,,,978996796,https://guipuglamping.com/
阿里山草堂露營渡假村,嘉義縣,番路鄉,120.6270643,23.48161889,,,,
龍銀山露營區,嘉義縣,番路鄉,120.6724408,23.44666225,嘉義縣番路鄉公田村巃頭17-19號,,,
一星伴露營區,彰化縣,芬園鄉,120.6294875,23.98932488,彰南路二段150號,,968874899,https://www.hbo-star.com/blank-10
踏親露營場,臺中市,大甲區,120.6499583,24.35949334,成功路221號,,983669502,https://www.dajiataqin.com/
大安濱海樂園露營區(向海那漾),臺中市,大安區,120.58544,24.38361,北汕路86巷1號,426868513,,https://www.nayangbeach.com.tw/?gclid=CjwKCAjw88yxBhBWEiwA7cm6pcAL90yTnoCsfMug_Q_OEDPRo8KrxzAyZ1UuRnRPBXykyl9cfHhCABoCQHQQAvD_BwE
小熊寶貝麥鄉農村,臺中市,大雅區,120.630888,24.217719,臺中市大雅區上山路175巷15號,,932671523,
竹林風私人露營秘境,臺中市,太平區,,,臺中市太平區頭汴坑段490地號 ,,,
三山來此咖啡莊園,臺中市,北屯區,120.78867,24.206551,東山路二段183之33號 ,,939599255,
中正露營區,臺中市,北屯區,120.7833877,24.17638152,北屯區北坑巷113號旁,422390685,,https://www.facebook.com/tcc.scout.campside/
洪爺爺菜園丫,臺中市,外埔區,120.688462,24.324052,外埔區水頭二路18號,,918895928,https://www.facebook.com/grandpapahung/?locale=zh_TW
摩天輪營地,臺中市,外埔區,120.700299,24.327813,永豐段257-3號 ,,972925606,
中華民國農會休閒綜合農牧場,臺中市,外埔區,120.620583,24.329333,二崁路700號,426805581,,https://www.agb.com.tw/
恩典假期露營場(原發現星村景觀休閒園區),臺中市,外埔區,120.70343,24.333266,眉北路486號,,925512190,
嘉禾園 Kids Play Land,臺中市,石岡區,,,臺中市石岡區萬仙街10之1號,,,
彩虹星光露營區,臺中市,石岡區,120.783274,24.270069,石岡區豐勢路山下巷11-8號,,918373400,
九甲林露營區,臺中市,石岡區,120.7859909,24.26590061,石岡區龍興里萬仙街岡仙巷7-1號,,,
摩天嶺楊園露營區,臺中市,和平區,120.938562,24.314662,和平區達觀里東崎路一段天嶺巷30-3號,,910527921,
無憂•森林carefree,臺中市,和平區,,,臺中市和平區東關路一段松鶴三巷92-8號,,,
春露茶園營區 (八仙山春露茶園),臺中市,和平區,120.963518,24.148835,和平區東關路一段裡冷巷70號,,937230859,
望向芸端露營場,臺中市,和平區,121.297018,24.315839,和平區平等里中興路三段42-1號,,927388178,https://reurl.cc/EVgQx0
ㄡ熊熊露營園地,臺中市,和平區,120.97336,24.17292,和平區東關路一段松鶴三巷103號,,982212064,
武陵農場,臺中市,和平區,121.3051152,24.3808517,和平區平等里武陵路3號,425901470,,https://camping.wuling-farm.com.tw/camp/
挹翠谷露營區,臺中市,和平區,120.903878,24.218171,和平區富山巷9-1號,,911314793,
家霖農場Garin Farm-谷關露營區,臺中市,和平區,121.016302,24.199275,東關路一段台電巷122-2號,,,
山上松亭露營區,臺中市,和平區,120.97486,24.176691,和平區東關路一段 ,,938781267,
松鶴唐麻丹,臺中市,和平區,120.966708,24.166791,和平區東關路一段松鶴三巷101號,,934312355,
松嶺露營區,臺中市,和平區,120.905535,24.13015,和平區東關路三段和興巷58-3號,,909556869,
十七哩園藝露營區 （谷關驛棧）,臺中市,和平區,120.9607078,24.16897397,和平區博愛里東關路一段400-1號,,,
司卡尤納露營區,臺中市,和平區,120.926215,24.327756,和平區東崎路一段達觀里育英巷25號,,915108380,
馬告的傳奇,臺中市,和平區,120.953056,24.16583,和平區博愛里東關路一段裡冷巷5-8號,,980718122,
松旺露營區,臺中市,和平區,120.90299,24.129545,和平區東關路三段和興巷52-2號,,,
柏冷翠休閒農場,臺中市,和平區,120.930194,24.176611,東關路二段11-8號,,965070550,https://www.facebook.com/BerLintTree.Good/
德芙蘭農場,臺中市,和平區,120.969166,24.175593,和平區東關路一段359號,,955497989,
森杉露營區,臺中市,和平區,120.963935,24.323811,和平區和平區達觀里東崎路一段桃山巷99號,,925202492,
哈露米露營場,臺中市,和平區,120.946161,24.167634,東關路一段430號,,983057773,https://reurl.cc/OreMrv
歐賓露營區,臺中市,和平區,121.018664,24.198662,和平區東關路一段台電巷124-4號,,906099619,
福壽山農場,臺中市,和平區,121.2458837,24.24519631,和平區梨山里福壽路29號,425981070,,https://www.fushoushan.com.tw/camping/?parent_id=2260
千本松原露營區,臺中市,和平區,121.016756,24.199953,博愛里台電巷122-1號,,978981727,
八起露營區,臺中市,和平區,121.013823,24.20716,和平區博愛里東關路一段堰堤巷6-1號,,963297180,
何必館,臺中市,和平區,120.979847,24.176939,和平區東關路一段裡冷巷1-7號,,966777257,
晨融雅谷,臺中市,和平區,120.97571,24.173949,和平區東關路一段松鶴三巷60-16號及81號,,972229462,
樂悠悠露營區,臺中市,和平區,120.964302,24.149467,和平區東關路一段裡冷巷73號 (裡冷溪林道),,,
牛坪之春露營區,臺中市,和平區,120.904982,24.128651,南勢里東關路三段和興巷58-1號,,920414236,
松風谷露營區,臺中市,和平區,121.013997,24.199792,和平區東關路一段台電巷122-20號,,927260099,
吉娃斯咖啡莊園歡喜營地,臺中市,和平區,120.937357,24.339854,和平區達觀里東崎路一段桃山巷51-1號,,989292375,
裡冷溪探索園區,臺中市,和平區,120.957824,24.156998,和平區博愛里裡冷巷69號,,939941142,
石壁露營區,臺中市,和平區,120.94529,24.167217,和平區東關路一段428號,,923873140,
山上小日子,臺中市,和平區,120.950298,24.165408,東關路一段裡冷巷1-8號,,975918017,
邦古河那彎露營區,臺中市,和平區,120.962719,24.168365,和平區東關路一段松鶴三巷199-11號,,938187218,
谷關365露營區,臺中市,和平區,120.966655,24.21016,和平區東關路一段20之5號,,926717069,https://m.icamping.app/store/gk444
櫻家小築,臺中市,和平區,,,臺中市和平區東關路一段359號,,,
寓林休閒農場(籌備中),臺中市,和平區,120.898111,24.168167,,,,
瓦浪露營區 ,臺中市,和平區,121.0191964,24.19913406,和平區東關路一段台電巷124-5號,,955247742,
菘畫居露營會館,臺中市,和平區,120.951341,24.165302,和平區東關路一段裡冷巷15-7號,,978872825,
山暉甜園,臺中市,和平區,120.800377,24.257813,中坑路北坑巷15號,,975262017,
雙香露營區 (自由國小),臺中市,和平區,120.912361,24.29201,和平區自由里東崎路二段19-25號,,989613657,
神農谷,臺中市,和平區,120.972935,24.171513,和平區東關路一段松鶴三巷100-5號,,952152040,
芭蓊露營區,臺中市,和平區,120.935334,24.335478,東崎路一段桃山巷73-3號,,988199271,
覓靜莊園露營區,臺中市,和平區,120.970705,24.148608,和平區東關路一段裡冷巷99號,,932534105,
照哥的家,臺中市,和平區,120.973665,24.148921,博愛區博愛里松鶴2巷56號,,919677814,
呆呆的家,臺中市,和平區,120.95857,24.169101,東關路一段677號,,978609093,
億享天開歡樂農場,臺中市,東勢區,120.867895,24.241183,東勢里上新里勢林街63-6號,,932622829,
東勢林場遊樂區,臺中市,東勢區,120.8677542,24.28555504,勢林街6-1號,425872191,,http://www.tsfa.com.tw
六桂園休閒農場,臺中市,東勢區,120.798681,24.297086,東勢區東蘭路203-8號,,975504518,
喜樂之地,臺中市,東勢區,120.877045,24.219488,東勢區東坑路978-6號,,922995857,
東昇休閒農場(暫停營業),臺中市,東勢區,120.7957171,24.28663949,,,,
夢鄉農場露營區,臺中市,東勢區,120.809186,24.301171,東勢區茂興里13鄰東蘭路213號,,932673037,
彩虹奇菁,臺中市,東勢區,120.8636,24.1986,東勢區慶福里慶福街26-2號 ,,917885960,https://www.facebook.com/jesse0917885960/?locale=zh_TW
微笑休閒農場,臺中市,東勢區,120.872056,24.257972,東崎路三段175巷28號,,963156323,https://www.facebook.com/Smile20140201
閣香亭,臺中市,東勢區,,,臺中市東勢區東關路四段128巷33號,,,
蜻蜓谷休閒農場,臺中市,東勢區,120.84625,24.234444,東坑路西盛巷60號,,928915963,https://www.facebook.com/dragonflyvalleyfamily/
丘之町營地,臺中市,東勢區,120.864033,24.184193,慶福街73號,,922378473,
雪山麓露,臺中市,東勢區,120.853038,24.326895,后里區中山路160巷17號,,912613519,
圓緣山居露營區,臺中市,東勢區,,,臺中市東勢區東崎路三段688巷100弄19號,,,
森林小鹿,臺中市,東勢區,120.878922,24.232878,東坑路967號,,919022659,
六合繹休閒露營區,臺中市,東勢區,120.870379,24.211849,東坑路石麻巷46之一號,,934143788,
出雲山騰雲露營區,臺中市,東勢區,120.898579,24.226783,文新街1號14F-2,,926228789,
五福畊讀休閒農場(暫停營業),臺中市,東勢區,120.8436841,24.19132425,,,963038449,
大雪星空 Starry Night,臺中市,東勢區,120.869357,24.253364,東坑路795巷18號,,937731320,
大雪山觀山嶺露營區,臺中市,東勢區,120.877394,24.218154,東勢區東坑路978-7號,,911117885,
98P Camping(原:酒保坪休閒農場),臺中市,東勢區,120.895086,24.212753,臺中市石岡區九房里豐勢路山下巷13-9號,,939103009,
樂境6.2K營地,臺中市,東勢區,120.876829,24.232988,東坑路964之1號,,936962189,
情人谷果園露營區,臺中市,東勢區,,,臺中市東勢區慶福街9號,,,
高美濕地露營區(蟬說-夕陽漫漫)(暫停營業),臺中市,清水區,120.5476201,24.30550859,美堤街8號,437022557,,https://www.chanshuo.tw/slowlysunset/
天山秘境森林露營區,臺中市,新社區,120.786059,24.220642,新社區中和街一段山腳巷20-9號,,966029129,
吾居無束,臺中市,新社區,120.798085,24.245459,新社區崑山里食水嵙28-6號,,966555686,
星空yay語露營區,臺中市,新社區,120.8912638,24.10550132,新社區永豐45-1號,,933519323,
嵐山驛站,臺中市,新社區,120.826662,24.167249,新社區中興街217-6號 ,,910680708,
新社蓮園休閒農場,臺中市,新社區,120.819556,24.214118,東湖街1段39號,425810352,,
綠大地露營咖啡農場,臺中市,新社區,120.825255,24.179498,新社區慶西里上坪4-6號,,910491136,
櫻花鳥森林露營區,臺中市,新社區,120.817151,24.185742,新社區協成里協中街6號,,925959566,
天冷吹雲山莊,臺中市,新社區,120.700286,24.327816,新社區福興里美林72-2號,,928311875,
旺來山莊露營區,臺中市,新社區,120.880557,24.097023,新社區永豐63-1號,,939580868,
小松露露營區,臺中市,新社區,120.785243,24.211831,中興嶺一街363之39號,,919839877,
曉晴星空三營台中新社營區,臺中市,新社區,,,臺中市新社區上坪4-3號,,,
聚元營地露營場,臺中市,新社區,120.78828,24.228917,新社區崑山里崑南街29巷5號,,921314632,
水聲露營區,臺中市,新社區,120.800362,24.257803,臺中市新社區中正街26-3號,,,
Tatami忘憂草原聖愛營地,臺中市,新社區,120.826148,24.177071,慶西里湖興16-3號,,975208467,
清悠露營區,臺中市,新社區,120.842842,24.150622,新社區中和里中興街57號,,921778666,
李白梵谷露露山丘,臺中市,新社區,120.848514,24.143604,新社區中和里中興街55-1號,,910502818,
小路休閒農場,臺中市,新社區,120.797306,24.238972,食水嵙6-2號,,932658222,http://www.nalu.com.tw/about.asp
舞魚休閒農場,臺中市,新社區,120.829777,24.171689,臺中市西屯區文華路36號5樓之3,,923923923,
富柿山星空景觀農場露營區,臺中市,新社區,120.859453,24.130988,福興里永櫃18號,,912062178,
新龍崗露營區,臺中市,新社區,120.8086903,24.23769677,新社區興社街二段65號,425818230,,
喜田小樹民宿,臺中市,新社區,,,臺中市新社區興隆街42-1號,,,
白毛台山居歲月,臺中市,新社區,120.818179,24.186288,新社區福奧里福民11號,,936285235,
Momo 佳園民宿露營區,臺中市,新社區,120.805456,24.194524,新社區協成里協中街189-2號,,932629609,
樂在(原：趣露營),臺中市,新社區,120.801885,24.194393,新社區協中街211巷27號,,988165659,
流星花園樂活露營區,臺中市,豐原區,120.764155,24.257967,,,926189173,
流星花園幸福露營區,臺中市,豐原區,120.763874,24.258441,,,926189173,
后豐鐵馬道露營區,臺中市,豐原區,,,臺中市豐原區朴子街323巷13號,,,
那個屋露營區,臺中市,霧峰區,120.7533909,24.05365099,霧峰區桐林里中坑巷92號,,,
野 Fun 趣露營區,臺中市,霧峰區,120.724644,24.071578,霧峰區民生路426巷8弄39號,,908958199,
一棵樹露營區,臺中市,霧峰區,120.723656,24.07387,民生路426巷77號,,939567135,
菁山遊憩區露營場,臺北市,士林區,121.5582491,25.15355049,臺北市士林區菁山路101巷71弄16號,228629588,,https://www.star-fountain.com/
碧山露營場,臺北市,內湖區,121.5788732,25.10468924,台北市內湖區碧山路26-6號,,,https://gisweb.gov.taipei/tpcamp/Default.aspx
貴子坑露營場,臺北市,北投區,121.4916478,25.15202212,臺北市北投區秀山路161號,,,https://gisweb.gov.taipei/tpcamp/Default.aspx
華中露營場,臺北市,萬華區,121.4963441,25.01485228,華中河濱公園,223076929,,http://華中露營場.tw
陽明休閒農場,臺東縣,太麻里鄉,120.9597,22.646573,台東縣太麻里鄉大王村佳崙67號,89782813,937782813,
無憂海景秘境,臺東縣,太麻里鄉,120.996496,22.613762,尚未設置地址,,910172777,https://www.facebook.com/StarMSfarm/
菲卡樂園區,臺東縣,太麻里鄉,121.000692,22.660249,金崙村14鄰溫泉路1之10號,,963291950,https://www.facebook.com/vikar99/?locale=zh_TW
千坪露營區,臺東縣,太麻里鄉,120.936962,22.523583,尚未有地址,,982025950,
盛香源露營區,臺東縣,太麻里鄉,121.019982,22.650777,尚未設置地址,,,
金山星空野營區,臺東縣,太麻里鄉,120.9714198,22.63413979,台東縣太麻里鄉佳崙村17鄰189號,,952271748,https://www.facebook.com/p/%E9%87%91%E5%B1%B1%E6%98%9F%E7%A9%BA%E9%87%8E%E7%87%9F%E5%8D%80-100045092175216/
美山的露營區,臺東縣,成功鎮,121.387351,23.156607,信義里20鄰都歷路264之23號,,928170641,
昆布海灣露營區,臺東縣,成功鎮,121.363248,23.096665,忠仁里38鄰麒麟路114之5號,,980586213,https://www.facebook.com/p/%E6%98%86%E5%B8%83%E6%B5%B7%E7%81%A3%E9%9C%B2%E7%87%9F%E5%8D%80-100091378964325/?locale=zh_TW
麒麟部落,臺東縣,成功鎮,121.361028,23.09238,麒麟路52-6號,,958007361,https://www.facebook.com/Ciliksaycamp/
山海楝露營區,臺東縣,成功鎮,,,信義里9鄰新村路22之5號,,922518796,
比西里岸露營區,臺東縣,成功鎮,121.4007539,23.12945234,白蓮路170號,,963871968,https://www.facebook.com/bixilian/?locale=zh_TW
成功天闊露營區,臺東縣,成功鎮,121.347058,23.093396,忠仁里32鄰上麒麟路5-1號,,987478898,
小雄 72 號露營區,臺東縣,池上鄉,121.21415,23.117343,臺東縣池上鄉大埔村7鄰大埔72號,,982381311,https://www.facebook.com/basic823/
余家露營區,臺東縣,池上鄉,121.235772,23.113563,慶豐村1鄰慶豐3號,,922067667,https://www.facebook.com/YuJiaTianYuanMinSu/?locale=zh_TW
敦親牧鄰民宿,臺東縣,卑南鄉,121.096754,22.856952,明峰村15鄰文泰路50巷6號,,933750525,https://neighbor.ittbnb.com/index.html
大王山居露營區,臺東縣,卑南鄉,121.00704,22.687798,溫泉村21鄰龍泉路43巷51之7號,,921377245,https://www.facebook.com/groups/1487908122046235/
金谷農莊,臺東縣,卑南鄉,121.149026,22.855179,環山路146號,,966576550,https://www.facebook.com/JGhomestay/?locale=zh_TW
虂櫿嶇,臺東縣,卑南鄉,121.10035,22.870835,明峰村6鄰龍過脈68號,,912707744,https://www.facebook.com/Danadanaw0822/?locale=zh_TW
知本森林遊樂區野營活動場,臺東縣,卑南鄉,120.992169,22.686871,臺東縣卑南鄉龍泉路290號,89510961,,
王媽媽家常菜/露營區,臺東縣,卑南鄉,121.026901,22.710672,溫泉村5鄰鎮樂路48號,,911672375,https://www.facebook.com/p/%E7%8E%8B%E5%AA%BD%E5%AA%BD%E5%AE%B6%E5%B8%B8%E8%8F%9C%E9%9C%B2%E7%87%9F%E5%8D%80-100057297765968/
樂山53露營區,臺東縣,卑南鄉,120.98669,22.670274,溫泉村31鄰樂山53號,,921025726,https://www.facebook.com/p/%E6%A8%82%E5%B1%B153%E9%9C%B2%E7%87%9F%E5%8D%80-100077597872855/
星夜光海露營區,臺東縣,卑南鄉,121.042543,22.740853,台東縣卑南鄉民生22之2號,,912215011,https://www.facebook.com/p/%E5%8F%B0%E6%9D%B1-%E6%98%9F%E5%A4%9C%E5%85%89%E6%B5%B7-%E5%92%96%E5%95%A1%E9%9C%B2%E7%87%9F%E8%BB%8A%E6%B3%8A-100075929377519/?locale=zh_TW
台東秘境露營,臺東縣,卑南鄉,121.060979,22.798253,泰安村9鄰泰安293之1號,,905367538,https://www.facebook.com/campfu/?locale=zh_TW
東遊季溫泉渡假村,臺東縣,卑南鄉,121.019749,22.695781,臺東縣卑南鄉溫泉路376巷18號,89324377,,https://www.toyugi.com.tw/
卡米莎度樹屋園區,臺東縣,延平鄉,121.056771,22.872316,台東縣延平鄉桃源村昇平路170號,,982771482,https://www.facebook.com/mureen1977/?locale=zh_TW
1080露營區,臺東縣,延平鄉,121.056133,22.869915,桃源村9鄰昇平路158號之1,,966709908,https://www.facebook.com/ozez1080
樂活首都茉莉民宿,臺東縣,東河鄉,121.258722,22.912375,興昌村29鄰興隆14之1號,,910505501,https://lehuo.ttbnb.tw/
心路旅程露營棧,臺東縣,東河鄉,121.234807,22.883864,都蘭村47鄰舊廍15-3號,,972162580,https://www.facebook.com/hearttravelcamp/?locale=zh_TW
涯口海濱小木屋,臺東縣,東河鄉,121.242351,22.882337,台東縣東河鄉都蘭村47鄰舊廍10之6號,,932725583,https://www.facebook.com/yakoucafe/?locale=zh_TW
山海賞星緣露營區️,臺東縣,東河鄉,121.195053,22.870086,尚未設置地址,,912789969,https://www.facebook.com/profile.php?id=100089643231892&mibextid=LQQJ4d
都蘭錄托邦,臺東縣,東河鄉,121.22611,22.871012,尚未設置地址,,976382699,https://www.facebook.com/LutopiaDulan/
黑老大露營區,臺東縣,東河鄉,121.233862,22.872919,尚未設置地址,,932723706,https://www.facebook.com/p/%E9%BB%91%E8%80%81%E5%A4%A7%E5%8F%B0%E6%9D%B1%E9%83%BD%E8%98%AD%E9%9C%B2%E7%87%9F%E5%8D%80-100063974496094/
拉法鋼琴咖啡屋,臺東縣,東河鄉,121.241006,22.881428,台東縣東河鄉舊部路47鄰14-8號,,975188856,https://www.facebook.com/rafacafee/?locale=zh_TW
金崙鄭大姐營地,臺東縣,金峰鄉,120.959751,22.53297,賓茂村4鄰賓茂47之5號,,927907131,
原始角落,臺東縣,金峰鄉,120.956607,22.596829,嘉蘭村8鄰嘉蘭423-1號,,963193322,https://www.facebook.com/@PT0963193322/
亞日兒山莊露營區,臺東縣,金峰鄉,121.000187,22.631161,新興村4鄰新興街68-6號,,925733989,https://www.facebook.com/ljaljegel/?locale=zh_TW
浪花蟹營地,臺東縣,長濱鄉,121.466557,23.346382,三間村真柄4鄰77號,,978687555,
金剛山獨木舟基地露營區,臺東縣,長濱鄉,121.459277,23.34386,三間村真柄5鄰42之5號,,933729063,https://www.facebook.com/surfmonkeyclub/?locale=zh_TW
谷泥悠露營區,臺東縣,長濱鄉,121.453786,23.345932,尚未設置地址,,987651391,https://www.facebook.com/Kuniyu.Camping/?locale=zh_TW
海邊舟舟曉晴星空露營地,臺東縣,長濱鄉,121.415541,23.241241,尚未設置地址,89801707,,https://www.facebook.com/SAChenggong/?locale=zh_TW
82遶灣 Paâalawan露營區,臺東縣,長濱鄉,121.466772,23.347779,尚未設置地址,,979530919,
心泊一隅露營場,臺東縣,長濱鄉,121.46165,23.3551,鄉三間村7鄰三間屋2之17號,,978733216,https://www.facebook.com/Simplefarm599/?locale=zh_TW
軒沐居露營區,臺東縣,鹿野鄉,121.124504,22.92355401,永安村高台路42巷8號,,901258367,https://xuanmuju.com/
福鹿山莊休閒農區,臺東縣,鹿野鄉,121.119668,22.913452,永安村高台路42巷145號,89550797,955161626,https://www.facebook.com/p/%E7%A6%8F%E9%B9%BF%E5%B1%B1%E4%BC%91%E9%96%92%E8%BE%B2%E8%8E%8A-100064391724130/
春一枝露營區,臺東縣,鹿野鄉,121.126098,22.925528,永安村9鄰高台路76號,,,
三姊快樂露營區,臺東縣,鹿野鄉,121.087137,22.898332,鹿野村1鄰鹿鳴路100巷5之1號,,953593090,https://www.facebook.com/3JHAPPY/?locale=zh_TW
紫坪露營區,臺東縣,綠島鄉,121.4975681,22.63750847,臺東縣綠島鄉鄰近紫坪 ,89671133,,
射馬干農場露營區,臺東縣,臺東市,121.043713,22.71951,建和里建和四街91-2號,,919610015,https://www.facebook.com/kasavakanFarm/?locale=zh_TW
快樂天堂露營區,臺東縣,臺東市,121.0436828,22.73436427,建和里建和四街160–1號,,920307460,https://www.facebook.com/p/%E5%BF%AB%E6%A8%82%E5%A4%A9%E5%A0%82%E9%9C%B2%E7%87%9F%E5%8D%80-100081239838027/?locale=zh_TW
滿園春舍,臺東縣,臺東市,121.041686,22.761241,建和里建和四街105-1號,,919510180,https://www.facebook.com/p/%E6%BB%BF%E5%9C%92%E6%98%A5%E8%88%8D%E9%9C%B2%E7%87%9F%E5%8D%80-100088959111426/?locale=zh_TW
小野柳露營區,臺東縣,臺東市,121.196297,22.79563,臺東縣臺東市松江路一段500號,,919607617,
山上的海邊露營區,臺東縣,臺東市,121.039271,22.723005,建和里建和四街181–1號,,912523441,https://www.facebook.com/savakanruyin/?locale=zh_TW
富岡海悅露營區,臺東縣,臺東市,121.184755,22.790283,富岡里吉林路二段600號,,921297011,https://www.facebook.com/people/%E6%B5%B7%E6%82%85%E9%9C%B2%E7%87%9F%E5%8D%80/100044502446379/?locale=zh_TW
知本山莊,臺東縣,臺東市,121.0439131,22.72006168,建和里建和四街97–1號,,981481697,
沐樂草原,臺東縣,臺東市,121.119056,22.796527,無地址,,972049968,
蘭嶼觀日露營區,臺東縣,蘭嶼鄉,121.568288,22.037038,東清村８鄰野銀10號,,966547201,
吉米探險家,臺東縣,蘭嶼鄉,121.567581,22.01386097,尚未設置地址,,918787600,https://jimmy-explorer.blogspot.com/
好望角渡假村,臺東縣,蘭嶼鄉,121.560545,22.020491,紅頭村1鄰紅頭1之25號,,988310820,https://cape.okgo.tw/
走馬瀨農場,臺南市,大內區,120.426214,23.136908,臺南市大內區二溪里唭哩瓦60號,65760121,,https://www.farm.com.tw/
雙春濱海遊憩區-Vanaheim愛莊園,臺南市,北門區,120.112589,23.305591,台南市北門區雙春里１１鄰雙春７３之１1號,67865355,,https://www.facebook.com/vanaheim.love.manor/?locale=zh_TW
露營樂1號店,臺南市,左鎮區,120.388892,23.058213,台南市左鎮區光和65之5號,62667767,929626618,https://www.easycamp.com.tw/Store_2501.html
瓦樣山巷露營地,臺南市,玉井區,120.4399212,23.13354146,臺南市玉井區豐里60-28號,,937697591,
艾恩露營地,臺南市,玉井區,120.497014,23.093909,臺南市玉井區三埔里88-1號,,928720635,
以琳露營地,臺南市,玉井區,120.477669,23.089233,臺南市玉井區三埔里三埔85號,65742510,,
關子嶺開心休閒農場,臺南市,白河區,120.495787,23.322271,台南市白河區關嶺里8鄰南寮19-16號,66569198,911747775,https://www.facebook.com/happyfarm.url.tw/?locale=zh_TW
烏樹林鴻盛露營區,臺南市,後壁區,120.374427,23.329725,臺南市後壁區烏樹里184號,66858088,,https://www.facebook.com/wu.shu.lin.hong.sheng.lu.ying.qu
德元埤荷蘭村,臺南市,柳營區,120.338341,23.263725,臺南市柳營區神農里7鄰新厝100號,66231896,,https://hollandvillage.jamall.tw/
柳營尖山埤鴻盛露營區,臺南市,柳營區,120.39241,23.266246,台南市柳營區旭山里60號,66858088,,https://www.taisugar.com.tw/resting/jianshanpi/CP2.aspx?n=11897
虎頭埤風景區,臺南市,新化區,120.345553,23.029958,臺南市新化區中興路42巷36號,65901325,,https://htp.tainan.gov.tw/
曾文青年活動中心,臺南市,楠西區,120.496484,23.217502,715台南市楠西區密枝里70之1號,65753431,,http://tsengwen.cyh.org.tw/
梅嶺神秘氣場露營區,臺南市,楠西區,120.542907,23.174203,715台南市楠西區香蕉山51之6號,,933914636,https://docs.google.com/forms/d/1dDMByZo_8pwQdj9up2-jV1M9h_h7WGlenMu-RkHLLCI/viewform?edit_requested=true
一水綠舟莊園,臺南市,歸仁區,120.285596,22.935128,台南市中正南路一段1263巷80弄97號,,,
七美月鯉灣露營區,澎湖縣,七美鄉,119.4296614,23.19662509,南港村尖山腳22-1號,,,
員貝樂營露營區,澎湖縣,白沙鄉,119.6319627,23.64982058,澎湖縣白沙鄉10-7號,69933669,,
灣山露營區,澎湖縣,馬公市,119.5576751,23.52599703,澎湖縣馬公市嵵裡306號,69950789,,https://www.argoqingwan.com.tw/room/
坐望著海露營區,澎湖縣,馬公市,119.5678189,23.52643169,澎湖縣馬公市嵵裡里160號,69553355,,
湖西苗圃童軍露營地,澎湖縣,湖西鄉,121.7294211,24.61867502,澎湖縣湖西鄉102之5號,69920475,,